edge_id,kind,walls,endpoints,final_historical_incidence,provenance
0,BOUNDARY-ORBIT,m,"[2, 0]",PROVEN,STRONG-EXACT-TRIANGULATED-STROKE-SUPPORT
1,BOUNDARY-ORBIT,g,"[0, 1]",PROVEN,PROVEN-SOURCE-EXACT-PROPAGATION-IN-FINAL-P084-REALIZATION
2,BOUNDARY-ORBIT,g|k,"[1, 3]",PROVEN,PROVEN-SOURCE-HAX-INCIDENCE
3,BOUNDARY-ORBIT,h,"[3, 2]",PROVEN,PROVEN-SOURCE-EXACT-PROPAGATION-IN-FINAL-P084-REALIZATION
4,BOUNDARY-ORBIT,h,"[4, 5]",PROVEN,STRONG-EXACT-TRIANGULATED-STROKE-SUPPORT
5,BOUNDARY-ORBIT,g|k,"[5, 1]",PROVEN,PROVEN-SOURCE-HAX-INCIDENCE
6,BOUNDARY-ORBIT,m,"[0, 4]",PROVEN,PROVEN-SOURCE-EXACT-PROPAGATION-IN-FINAL-P084-REALIZATION
7,BOUNDARY-ORBIT,g,"[3, 6]",PROVEN,PROVEN-SOURCE-EXACT-PROPAGATION-IN-FINAL-P084-REALIZATION
8,BOUNDARY-ORBIT,m,"[6, 2]",PROVEN,PROVEN-SOURCE-EXACT-PROPAGATION-IN-FINAL-P084-REALIZATION
9,BOUNDARY-ORBIT,g,"[6, 0]",PROVEN,PROVEN-SOURCE-EXACT-PROPAGATION-IN-FINAL-P084-REALIZATION
10,BOUNDARY-ORBIT,m,"[4, 7]",PROVEN,PROVEN-SOURCE-EXACT-PROPAGATION-IN-FINAL-P084-REALIZATION
11,BOUNDARY-ORBIT,g,"[7, 5]",PROVEN,PROVEN-SOURCE-EXACT-PROPAGATION-IN-FINAL-P084-REALIZATION
12,BOUNDARY-ORBIT,g,"[0, 7]",PROVEN,PROVEN-SOURCE-EXACT-PROPAGATION-IN-FINAL-P084-REALIZATION
13,BOUNDARY-ORBIT,m,"[8, 6]",PROVEN,STRONG-EXACT-TRIANGULATED-STROKE-SUPPORT
14,BOUNDARY-ORBIT,l|n,"[3, 9]",PROVEN,PROVEN-SOURCE-HAX-INCIDENCE
15,BOUNDARY-ORBIT,k,"[9, 8]",PROVEN,PROVEN-SOURCE-EXACT-PROPAGATION-IN-FINAL-P084-REALIZATION
16,BOUNDARY-ORBIT,m,"[10, 0]",PROVEN,PROVEN-SOURCE-EXACT-PROPAGATION-IN-FINAL-P084-REALIZATION
17,BOUNDARY-ORBIT,n,"[6, 11]",PROVEN,PROVEN-SOURCE-EXACT-PROPAGATION-IN-FINAL-P084-REALIZATION
18,BOUNDARY-ORBIT,k,"[11, 10]",PROVEN,PROVEN-SOURCE-EXACT-PROPAGATION-IN-FINAL-P084-REALIZATION
19,BOUNDARY-ORBIT,l,"[12, 13]",PROVEN,STRONG-EXACT-TRIANGULATED-STROKE-SUPPORT
20,BOUNDARY-ORBIT,l|n,"[13, 5]",PROVEN,PROVEN-SOURCE-HAX-INCIDENCE
21,BOUNDARY-ORBIT,m,"[7, 12]",PROVEN,PROVEN-SOURCE-EXACT-PROPAGATION-IN-FINAL-P084-REALIZATION
22,BOUNDARY-ORBIT,k,"[10, 14]",PROVEN,PROVEN-SOURCE-EXACT-PROPAGATION-IN-FINAL-P084-REALIZATION
23,BOUNDARY-ORBIT,n,"[14, 7]",PROVEN,PROVEN-SOURCE-EXACT-PROPAGATION-IN-FINAL-P084-REALIZATION
24,BOUNDARY-ORBIT,h,"[9, 15]",PROVEN,PROVEN-SOURCE-EXACT-PROPAGATION-IN-FINAL-P084-REALIZATION
25,BOUNDARY-ORBIT,m,"[15, 8]",PROVEN,PROVEN-SOURCE-EXACT-PROPAGATION-IN-FINAL-P084-REALIZATION
26,BOUNDARY-ORBIT,g,"[16, 6]",PROVEN,PROVEN-SOURCE-EXACT-PROPAGATION-IN-FINAL-P084-REALIZATION
27,BOUNDARY-ORBIT,k,"[8, 17]",PROVEN,PROVEN-SOURCE-EXACT-PROPAGATION-IN-FINAL-P084-REALIZATION
28,BOUNDARY-ORBIT,n,"[17, 18]",PROVEN,PROVEN-SOURCE-EXACT-PROPAGATION-IN-FINAL-P084-REALIZATION
29,BOUNDARY-ORBIT,l,"[18, 16]",PROVEN,PROVEN-SOURCE-EXACT-PROPAGATION-IN-FINAL-P084-REALIZATION
30,BOUNDARY-ORBIT,n,"[11, 19]",PROVEN,PROVEN-SOURCE-EXACT-PROPAGATION-IN-FINAL-P084-REALIZATION
31,BOUNDARY-ORBIT,m,"[19, 10]",PROVEN,PROVEN-SOURCE-EXACT-PROPAGATION-IN-FINAL-P084-REALIZATION
32,BOUNDARY-ORBIT,l,"[16, 19]",PROVEN,PROVEN-SOURCE-EXACT-PROPAGATION-IN-FINAL-P084-REALIZATION
33,BOUNDARY-ORBIT,m,"[12, 20]",PROVEN,STRONG-EXACT-TRIANGULATED-STROKE-SUPPORT
34,BOUNDARY-ORBIT,h,"[20, 21]",PROVEN,PROVEN-SOURCE-EXACT-PROPAGATION-IN-FINAL-P084-REALIZATION ; PROVEN-SOURCE-EXACT-PROPAGATION-FROM-e96-COUNTERFACTUAL-117-GATE
35,BOUNDARY-ORBIT,l|n,"[21, 13]",PROVEN,PROVEN-SOURCE-HAX-INCIDENCE
36,BOUNDARY-ORBIT,g,"[7, 22]",PROVEN,PROVEN-SOURCE-EXACT-PROPAGATION-IN-FINAL-P084-REALIZATION
37,BOUNDARY-ORBIT,n,"[22, 12]",PROVEN,PROVEN-SOURCE-EXACT-PROPAGATION-IN-FINAL-P084-REALIZATION
38,BOUNDARY-ORBIT,m,"[10, 23]",PROVEN,PROVEN-SOURCE-EXACT-PROPAGATION-IN-FINAL-P084-REALIZATION
39,BOUNDARY-ORBIT,g,"[23, 22]",PROVEN,PROVEN-SOURCE-EXACT-PROPAGATION-IN-FINAL-P084-REALIZATION
40,BOUNDARY-ORBIT,n,"[22, 14]",PROVEN,PROVEN-SOURCE-EXACT-PROPAGATION-IN-FINAL-P084-REALIZATION
41,BOUNDARY-ORBIT,m,"[24, 15]",PROVEN,STRONG-EXACT-TRIANGULATED-STROKE-SUPPORT
42,BOUNDARY-ORBIT,l|n,"[9, 25]",PROVEN,STRONG-EXACT-TRIANGULATED-STROKE-SUPPORT ; PROVEN-SOURCE-HAX-INCIDENCE
43,BOUNDARY-ORBIT,k|l,"[25, 24]",PROVEN,PROVEN-SOURCE-HAX-INCIDENCE
44,BOUNDARY-ORBIT,k,"[24, 8]",PROVEN,PROVEN-SOURCE-EXACT-PROPAGATION-IN-FINAL-P084-REALIZATION
45,BOUNDARY-ORBIT,m,"[8, 26]",PROVEN,PROVEN-SOURCE-EXACT-PROPAGATION-IN-FINAL-P084-REALIZATION
46,BOUNDARY-ORBIT,h,"[26, 27]",PROVEN,PROVEN-SOURCE-EXACT-PROPAGATION-IN-FINAL-P084-REALIZATION
47,BOUNDARY-ORBIT,n,"[27, 17]",PROVEN,PROVEN-SOURCE-EXACT-PROPAGATION-IN-FINAL-P084-REALIZATION
48,BOUNDARY-ORBIT,n,"[18, 19]",PROVEN,PROVEN-SOURCE-EXACT-PROPAGATION-IN-FINAL-P084-REALIZATION
49,BOUNDARY-ORBIT,m,"[27, 18]",PROVEN,PROVEN-SOURCE-EXACT-PROPAGATION-IN-FINAL-P084-REALIZATION
50,BOUNDARY-ORBIT,l,"[19, 29]",PROVEN,PROVEN-SOURCE-EXACT-PROPAGATION-IN-FINAL-P084-REALIZATION
51,BOUNDARY-ORBIT,n,"[29, 28]",PROVEN,PROVEN-SOURCE-EXACT-PROPAGATION-IN-FINAL-P084-REALIZATION
52,BOUNDARY-ORBIT,k,"[28, 10]",PROVEN,PROVEN-SOURCE-EXACT-PROPAGATION-IN-FINAL-P084-REALIZATION
53,BOUNDARY-ORBIT,m,"[20, 30]",PROVEN,PROVEN-SOURCE-EXACT-PROPAGATION-IN-FINAL-P084-REALIZATION ; PROVEN-SOURCE-EXACT-PROPAGATION-FROM-e96-COUNTERFACTUAL-117-GATE
54,BOUNDARY-ORBIT,k,"[30, 21]",PROVEN,PROVEN-SOURCE-EXACT-PROPAGATION-IN-FINAL-P084-REALIZATION ; PROVEN-SOURCE-EXACT-PROPAGATION-FROM-e96-COUNTERFACTUAL-117-GATE
55,BOUNDARY-ORBIT,n,"[12, 30]",PROVEN,PROVEN-SOURCE-EXACT-PROPAGATION-IN-FINAL-P084-REALIZATION
56,BOUNDARY-ORBIT,l,"[31, 12]",PROVEN,PROVEN-SOURCE-EXACT-PROPAGATION-IN-FINAL-P084-REALIZATION
57,BOUNDARY-ORBIT,g,"[22, 31]",PROVEN,PROVEN-SOURCE-EXACT-PROPAGATION-IN-FINAL-P084-REALIZATION
58,BOUNDARY-ORBIT,m,"[23, 32]",PROVEN,PROVEN-SOURCE-EXACT-PROPAGATION-IN-FINAL-P084-REALIZATION
59,BOUNDARY-ORBIT,h,"[32, 22]",PROVEN,PROVEN-SOURCE-EXACT-PROPAGATION-IN-FINAL-P084-REALIZATION
60,BOUNDARY-ORBIT,n,"[28, 33]",PROVEN,PROVEN-SOURCE-EXACT-PROPAGATION-IN-FINAL-P084-REALIZATION
61,BOUNDARY-ORBIT,g,"[33, 23]",PROVEN,PARTIAL-EXACT-TRIANGULATED-STROKE-SUPPORT
62,BOUNDARY-ORBIT,l|n,"[24, 34]",PROVEN,STRONG-EXACT-TRIANGULATED-STROKE-SUPPORT ; PROVEN-SOURCE-HAX-INCIDENCE
63,BOUNDARY-ORBIT,h,"[34, 26]",PROVEN,PROVEN-SOURCE-EXACT-PROPAGATION-IN-FINAL-P084-REALIZATION
64,BOUNDARY-ORBIT,n,"[34, 27]",PROVEN,PROVEN-SOURCE-EXACT-PROPAGATION-IN-FINAL-P084-REALIZATION
65,BOUNDARY-ORBIT,h,"[36, 35]",PROVEN,PROVEN-SOURCE-EXACT-PROPAGATION-IN-FINAL-P084-REALIZATION
66,BOUNDARY-ORBIT,g,"[35, 19]",PROVEN,PROVEN-SOURCE-EXACT-PROPAGATION-IN-FINAL-P084-REALIZATION
67,BOUNDARY-ORBIT,m,"[18, 36]",PROVEN,PROVEN-SOURCE-EXACT-PROPAGATION-IN-FINAL-P084-REALIZATION
68,BOUNDARY-ORBIT,l,"[37, 18]",PROVEN,PARTIAL-EXACT-TRIANGULATED-STROKE-SUPPORT
69,BOUNDARY-ORBIT,k,"[27, 37]",PROVEN,PROVEN-SOURCE-EXACT-PROPAGATION-IN-FINAL-P084-REALIZATION
70,BOUNDARY-ORBIT,n,"[35, 29]",PROVEN,PROVEN-SOURCE-EXACT-PROPAGATION-IN-FINAL-P084-REALIZATION
71,BOUNDARY-ORBIT,g,"[38, 33]",PROVEN,PROVEN-SOURCE-HAX-INCIDENCE
72,BOUNDARY-ORBIT,m,"[29, 38]",PROVEN,STRONG-EXACT-TRIANGULATED-STROKE-SUPPORT
73,BOUNDARY-ORBIT,g|n,"[39, 40]",PROVEN,STRONG-EXACT-TRIANGULATED-STROKE-SUPPORT ; PROVEN-SOURCE-HAX-INCIDENCE
74,BOUNDARY-ORBIT,l|n,"[40, 21]",PROVEN,PROVEN-SOURCE-HAX-INCIDENCE
75,BOUNDARY-ORBIT,m,"[30, 39]",PROVEN,STRONG-EXACT-TRIANGULATED-STROKE-SUPPORT
76,BOUNDARY-ORBIT,g,"[31, 41]",PROVEN,PROVEN-SOURCE-EXACT-PROPAGATION-IN-FINAL-P084-REALIZATION
77,BOUNDARY-ORBIT,m,"[41, 42]",PROVEN,PROVEN-SOURCE-EXACT-PROPAGATION-IN-FINAL-P084-REALIZATION
78,BOUNDARY-ORBIT,h,"[42, 30]",PROVEN,PARTIAL-EXACT-TRIANGULATED-STROKE-SUPPORT ; PROVEN-SOURCE-EXACT-PROPAGATION-FROM-e96-COUNTERFACTUAL-117-GATE
79,BOUNDARY-ORBIT,m,"[32, 41]",PROVEN,PROVEN-SOURCE-EXACT-PROPAGATION-IN-FINAL-P084-REALIZATION
80,BOUNDARY-ORBIT,g,"[23, 60]",PROVEN,PARTIAL-EXACT-TRIANGULATED-STROKE-SUPPORT
81,BOUNDARY-ORBIT,h,"[33, 43]",PROVEN,STRONG-EXACT-TRIANGULATED-STROKE-SUPPORT ; PROVEN-SOURCE-HAX-INCIDENCE
82,BOUNDARY-ORBIT,m,"[43, 23]",PROVEN,PARTIAL-EXACT-TRIANGULATED-STROKE-SUPPORT
83,BOUNDARY-ORBIT,k|l,"[34, 45]",PROVEN,STRONG-EXACT-TRIANGULATED-STROKE-SUPPORT ; PROVEN-SOURCE-HAX-INCIDENCE
84,BOUNDARY-ORBIT,m,"[45, 44]",PROVEN,PROVEN-SOURCE-EXACT-PROPAGATION-IN-FINAL-P084-REALIZATION
85,BOUNDARY-ORBIT,h,"[44, 27]",PROVEN,PROVEN-SOURCE-EXACT-PROPAGATION-IN-FINAL-P084-REALIZATION
86,BOUNDARY-ORBIT,m,"[36, 37]",PROVEN,PROVEN-SOURCE-EXACT-PROPAGATION-IN-FINAL-P084-REALIZATION
87,BOUNDARY-ORBIT,n,"[37, 46]",PROVEN,PROVEN-SOURCE-EXACT-PROPAGATION-IN-FINAL-P084-REALIZATION
88,BOUNDARY-ORBIT,g,"[46, 35]",PROVEN,PROVEN-SOURCE-EXACT-PROPAGATION-IN-FINAL-P084-REALIZATION
89,BOUNDARY-ORBIT,h,"[44, 37]",PROVEN,PARTIAL-EXACT-TRIANGULATED-STROKE-SUPPORT
90,BOUNDARY-ORBIT,m,"[48, 29]",PROVEN,PARTIAL-EXACT-TRIANGULATED-STROKE-SUPPORT
91,BOUNDARY-ORBIT,l,"[35, 47]",PROVEN,STRONG-EXACT-TRIANGULATED-STROKE-SUPPORT
92,BOUNDARY-ORBIT,g,"[47, 48]",PROVEN,STRONG-EXACT-TRIANGULATED-STROKE-SUPPORT ; PROVEN-SOURCE-HAX-INCIDENCE
93,BOUNDARY-ORBIT,g,"[49, 38]",PROVEN,STRONG-EXACT-TRIANGULATED-STROKE-SUPPORT
94,BOUNDARY-ORBIT,l,"[29, 49]",PROVEN,PROVEN-SOURCE-EXACT-PROPAGATION-IN-FINAL-P084-REALIZATION
95,BOUNDARY-ORBIT,l,"[50, 39]",PROVEN,PROVEN-SOURCE-EXACT-PROPAGATION-IN-FINAL-P084-REALIZATION
96,BOUNDARY-ORBIT,k,"[30, 50]",PROVEN,STRONG-EXACT-TRIANGULATED-STROKE-SUPPORT ; FINAL-SEED-BSB-P084-STRONG-EXACT
97,BOUNDARY-ORBIT,m,"[42, 50]",PROVEN,PARTIAL-EXACT-TRIANGULATED-STROKE-SUPPORT ; PROVEN-SOURCE-EXACT-PROPAGATION-FROM-e96-COUNTERFACTUAL-117-GATE
98,BOUNDARY-ORBIT,n,"[45, 52]",PROVEN,PROVEN-SOURCE-EXACT-PROPAGATION-IN-FINAL-P084-REALIZATION
99,BOUNDARY-ORBIT,g,"[52, 51]",PROVEN,PROVEN-SOURCE-EXACT-PROPAGATION-IN-FINAL-P084-REALIZATION
100,BOUNDARY-ORBIT,l,"[51, 37]",PROVEN,STRONG-EXACT-TRIANGULATED-STROKE-SUPPORT
101,BOUNDARY-ORBIT,k,"[53, 54]",PROVEN,PARTIAL-EXACT-TRIANGULATED-STROKE-SUPPORT ; PROVEN-SOURCE-HAX-INCIDENCE
102,BOUNDARY-ORBIT,n,"[54, 35]",PROVEN,STRONG-EXACT-TRIANGULATED-STROKE-SUPPORT
103,BOUNDARY-ORBIT,h,"[46, 53]",PROVEN,PARTIAL-EXACT-TRIANGULATED-STROKE-SUPPORT
104,BOUNDARY-ORBIT,g,"[51, 46]",PROVEN,PROVEN-SOURCE-EXACT-PROPAGATION-IN-FINAL-P084-REALIZATION
105,BOUNDARY-ORBIT,g,"[48, 49]",PROVEN,STRONG-EXACT-TRIANGULATED-STROKE-SUPPORT
106,BOUNDARY-ORBIT,m,"[55, 38]",PROVEN,STRONG-EXACT-TRIANGULATED-STROKE-SUPPORT ; PROVEN-SOURCE-HAX-INCIDENCE
107,BOUNDARY-ORBIT,m,"[48, 55]",PROVEN,STRONG-EXACT-TRIANGULATED-STROKE-SUPPORT ; PROVEN-SOURCE-HAX-INCIDENCE
108,BOUNDARY-ORBIT,g|m,"[39, 61]",PROVEN,PROVEN-SOURCE-HAX-INCIDENCE
109,BOUNDARY-ORBIT,h|k,"[52, 56]",PROVEN,STRONG-EXACT-TRIANGULATED-STROKE-SUPPORT ; PROVEN-SOURCE-HAX-INCIDENCE
110,BOUNDARY-ORBIT,n,"[56, 46]",PROVEN,PARTIAL-EXACT-TRIANGULATED-STROKE-SUPPORT
111,BOUNDARY-ORBIT,k|l,"[45, 57]",PROVEN,STRONG-EXACT-TRIANGULATED-STROKE-SUPPORT ; PROVEN-SOURCE-HAX-INCIDENCE
112,BOUNDARY-ORBIT,g|k,"[57, 52]",PROVEN,STRONG-EXACT-TRIANGULATED-STROKE-SUPPORT ; PROVEN-SOURCE-HAX-INCIDENCE
113,BOUNDARY-ORBIT,g,"[46, 58]",PROVEN,PROVEN-SOURCE-EXACT-PROPAGATION-IN-FINAL-P084-REALIZATION
114,BOUNDARY-ORBIT,l,"[58, 53]",PROVEN,STRONG-EXACT-TRIANGULATED-STROKE-SUPPORT
115,BOUNDARY-ORBIT,h,"[56, 58]",PROVEN,STRONG-EXACT-TRIANGULATED-STROKE-SUPPORT
116,BOUNDARY-ORBIT,h|k,"[56, 59]",PROVEN,PARTIAL-EXACT-TRIANGULATED-STROKE-SUPPORT ; PROVEN-SOURCE-HAX-INCIDENCE
117,BOUNDARY-ORBIT,k,"[59, 53]",PROVEN,STRONG-EXACT-TRIANGULATED-STROKE-SUPPORT ; PROVEN-SOURCE-HAX-INCIDENCE
118,DECK-FIXED-MIRROR,,"[41, 60]",PROVEN,STRONG-EXACT-TRIANGULATED-STROKE-SUPPORT ; PROVEN-SOURCE-HAX-INCIDENCE
119,DECK-FIXED-MIRROR,,"[50, 41]",PROVEN,STRONG-EXACT-TRIANGULATED-STROKE-SUPPORT ; PROVEN-SOURCE-HAX-INCIDENCE
120,DECK-FIXED-MIRROR,,"[43, 60]",PROVEN,STRONG-EXACT-TRIANGULATED-STROKE-SUPPORT ; PROVEN-SOURCE-HAX-INCIDENCE
121,DECK-FIXED-MIRROR,,"[47, 54]",PROVEN,STRONG-EXACT-TRIANGULATED-STROKE-SUPPORT ; PROVEN-SOURCE-HAX-INCIDENCE
122,DECK-FIXED-MIRROR,,"[50, 61]",PROVEN,STRONG-EXACT-TRIANGULATED-STROKE-SUPPORT ; PROVEN-SOURCE-HAX-INCIDENCE
