index,u,v,edge_generator,word,length,tau_monodromy,deck_matrix,lambda2,memory_coeff_u1_u2_u3
0,0,1,S1,S5 S12 S1 S9 S1,5,-1,"[[1, 0, 0], [0, -1, 0], [0, 0, 1]]",000010000,
1,0,2,S2,S5 S12 S2 S3 S9 S1,6,1,"[[1, 0, 0], [0, -1, 0], [0, 0, -1]]",000010001,"-1,1,0"
2,0,3,S3,S5 S12 S3 S10 S3,5,-1,"[[1, -2, 0], [0, -1, 0], [0, -2, 1]]",010010010,
3,0,157,S4,S5 S12 S4 S12 S4,5,-1,"[[1, -2, 0], [0, -1, 0], [0, -2, 1]]",010010010,
4,0,92,S5,S5 S12 S5 S12,4,1,"[[1, 0, 0], [0, 1, 0], [0, 0, 1]]",000000000,"0,0,0"
5,0,27,S6,S5 S12 S6 S12 S6,5,-1,"[[1, -2, 0], [0, -1, 0], [0, -2, 1]]",010010010,
6,0,4,S7,S5 S12 S7 S11 S5,5,-1,"[[1, 0, 0], [2, -1, 0], [0, 0, 1]]",000110000,
7,0,52,S8,S5 S12 S8 S3 S10 S1,6,1,"[[-1, 0, 0], [0, -1, 0], [0, -2, 1]]",100010010,"-1,0,1"
8,0,102,S9,S5 S12 S9 S1 S9,5,-1,"[[1, 0, 0], [0, -1, 0], [0, 0, 1]]",000010000,
9,0,150,S10,S5 S12 S10 S3 S10,5,-1,"[[1, -2, 0], [0, -1, 0], [0, -2, 1]]",010010010,
10,0,18,S11,S5 S12 S11 S7 S5,5,-1,"[[1, 0, 0], [0, -1, 2], [0, 0, 1]]",000011000,
11,1,3,S2,S1 S9 S2 S10 S3,5,-1,"[[1, -2, 0], [0, 1, 0], [2, -2, -1]]",010000111,
12,1,158,S4,S1 S9 S4 S8 S4 S1,6,1,"[[1, -2, 0], [0, 1, 0], [0, -2, 1]]",010000010,"1,-2,1"
13,1,94,S5,S1 S9 S5 S9 S7,5,-1,"[[1, 0, 0], [-2, -1, 2], [0, 0, 1]]",000111000,
14,1,55,S8,S1 S9 S8 S10 S1,5,-1,"[[-1, 0, 0], [0, 1, 0], [-2, 0, 1]]",100000100,
15,1,149,S10,S1 S9 S10 S8 S1,5,-1,"[[1, 0, -2], [0, 1, 0], [0, 0, -1]]",001000001,
16,1,19,S11,S1 S9 S11 S1 S5,5,-1,"[[1, 0, 0], [0, -1, 2], [0, 0, 1]]",000011000,
17,1,23,S12,S1 S9 S12 S5 S9,5,-1,"[[1, 0, 0], [0, -1, 0], [0, 0, 1]]",000010000,
18,2,3,S1,S1 S9 S3 S1 S10 S3,6,1,"[[1, -2, 0], [0, 1, 0], [0, 0, 1]]",010000000,"0,-1,1"
19,2,159,S4,S1 S9 S3 S4 S7 S4 S2,7,-1,"[[-1, 0, 0], [0, 1, 0], [0, 0, 1]]",100000000,
20,2,95,S5,S1 S9 S3 S5 S12 S8,6,1,"[[1, 0, 0], [0, -1, 0], [0, 0, -1]]",000010001,"1,-1,0"
21,2,26,S6,S1 S9 S3 S6 S11 S6 S2,7,-1,"[[-1, 0, 0], [0, 1, 0], [0, 0, 1]]",100000000,
22,2,7,S7,S1 S9 S3 S7 S4 S7 S2,7,-1,"[[-1, 0, 0], [0, 1, 0], [0, 0, 1]]",100000000,
23,2,54,S8,S1 S9 S3 S8 S1 S10 S1,7,-1,"[[-1, 0, 0], [0, 1, 0], [0, 0, 1]]",100000000,
24,2,103,S9,S1 S9 S3 S9 S1 S10,6,1,"[[1, 0, 0], [0, 1, 0], [0, 0, 1]]",000000000,"0,-1,1"
25,2,151,S10,S1 S9 S3 S10 S3 S9,6,1,"[[1, -2, 0], [0, 1, 0], [0, 0, 1]]",010000000,"0,0,0"
26,2,16,S11,S1 S9 S3 S11 S6 S11 S2,7,-1,"[[-1, 0, 0], [0, 1, 0], [0, 0, 1]]",100000000,
27,2,21,S12,S1 S9 S3 S12 S5 S8,6,1,"[[1, 0, 0], [0, -1, 0], [0, 0, -1]]",000010001,"1,-1,0"
28,3,156,S4,S3 S10 S4 S3 S12,5,-1,"[[1, 0, -2], [0, 1, -2], [0, 0, -1]]",001001001,
29,3,93,S5,S3 S10 S5 S12 S10,5,-1,"[[1, -2, 0], [0, -1, 0], [0, -2, 1]]",010010010,
30,3,24,S6,S3 S10 S6 S10 S5 S3,6,1,"[[1, -2, 2], [0, -1, 2], [0, -2, 3]]",011011011,"-1,2,-1"
31,3,53,S8,S3 S10 S8 S9 S3,5,-1,"[[-1, 2, 0], [0, 1, 0], [-2, 2, 1]]",110000110,
32,3,101,S9,S3 S10 S9 S8 S3,5,-1,"[[1, 2, -2], [0, 1, 0], [0, 2, -1]]",011000011,
33,3,20,S12,S3 S10 S12 S10 S6,5,-1,"[[3, -2, -2], [2, -1, -2], [2, -2, -1]]",111111111,
34,4,5,S1,S5 S11 S1 S7 S9 S1,6,1,"[[1, 0, 0], [2, 1, 0], [0, 0, 1]]",000100000,"-1,1,0"
35,4,6,S2,S5 S11 S2 S7 S10 S3,6,1,"[[1, -2, 0], [2, -3, 0], [0, 0, 1]]",010100000,"-2,0,2"
36,4,7,S3,S5 S11 S3 S4 S7 S2,6,1,"[[-1, 0, 0], [-2, 1, 0], [-2, 2, -1]]",100100111,"0,0,0"
37,4,153,S4,S5 S11 S4 S6 S7,5,-1,"[[1, 0, -2], [2, 1, -4], [0, 0, -1]]",001100001,
38,4,80,S5,S5 S11 S5 S7,4,1,"[[1, 0, 0], [2, 1, 0], [0, 0, 1]]",000100000,"-2,1,1"
39,4,31,S6,S5 S11 S6 S4 S7,5,-1,"[[-1, 0, 0], [-2, 1, 0], [-2, 0, 1]]",100100100,
40,4,48,S8,S5 S11 S8 S10 S5 S1,6,1,"[[-1, 0, 0], [-2, -1, 2], [0, 0, 1]]",100111000,"-3,2,1"
41,4,118,S9,S5 S11 S9 S5 S1,5,-1,"[[1, 0, 0], [0, -1, 2], [0, 0, 1]]",000011000,
42,4,162,S10,S5 S11 S10 S8 S5 S1,6,1,"[[-1, 0, 2], [-2, -1, 4], [0, 0, 1]]",101110000,"-1,0,1"
43,4,18,S12,S5 S11 S12 S7 S5,5,-1,"[[1, 0, 0], [2, -1, 2], [0, 0, 1]]",000111000,
44,5,7,S2,S1 S9 S7 S2 S4 S7 S2,7,-1,"[[-1, 0, 0], [0, 1, 0], [0, -2, 1]]",100000010,
45,5,6,S3,S1 S9 S7 S3 S7 S10 S3,7,-1,"[[1, -2, 0], [0, 1, 0], [0, 0, -1]]",010000001,
46,5,154,S4,S1 S9 S7 S4 S7 S9 S2,7,-1,"[[-1, 0, 0], [0, 1, 0], [0, 0, 1]]",100000000,
47,5,82,S5,S1 S9 S7 S5 S7 S9,6,1,"[[1, 0, 0], [0, 1, 0], [0, 0, 1]]",000000000,"1,-3,2"
48,5,29,S6,S1 S9 S7 S6 S7 S9 S3,7,-1,"[[-1, 0, 0], [0, 1, 0], [0, 0, 1]]",100000000,
49,5,51,S8,S1 S9 S7 S8 S10 S12 S1,7,-1,"[[-1, 0, 0], [2, 1, -2], [-2, 0, 1]]",100101100,
50,5,116,S9,S1 S9 S7 S9 S12 S1,6,1,"[[1, 0, 0], [0, 1, -2], [0, 0, 1]]",000001000,"-1,-1,2"
51,5,161,S10,S1 S9 S7 S10 S8 S12 S1,7,-1,"[[1, 0, -2], [0, 1, 0], [0, 0, -1]]",001000001,
52,5,23,S11,S1 S9 S7 S11 S5 S9,6,1,"[[1, 0, 0], [-2, 1, 0], [0, 0, 1]]",000100000,"-1,-2,3"
53,5,19,S12,S1 S9 S7 S12 S1 S5,6,1,"[[1, 0, 0], [0, 1, -2], [0, 0, 1]]",000001000,"2,-3,1"
54,6,7,S1,S3 S10 S7 S1 S4 S7 S2,7,-1,"[[-1, 2, 0], [0, 1, 0], [0, 0, 1]]",110000000,
55,6,155,S4,S3 S10 S7 S4 S7 S10 S2,7,-1,"[[-1, 2, 0], [0, 1, 0], [0, 0, 1]]",110000000,
56,6,83,S5,S3 S10 S7 S5 S7 S10,6,1,"[[1, 2, 0], [0, 1, 0], [0, 0, 1]]",010000000,"1,0,-1"
57,6,30,S6,S3 S10 S7 S6 S7 S10 S1,7,-1,"[[-1, 2, 0], [0, 1, 0], [0, 0, 1]]",110000000,
58,6,50,S8,S3 S10 S7 S8 S11 S6,6,1,"[[-1, 2, 0], [0, 1, 0], [0, 0, -1]]",110000001,"1,0,-1"
59,6,119,S9,S3 S10 S7 S9 S12 S8 S3,7,-1,"[[1, -2, 2], [0, -1, 2], [0, 0, 1]]",011011000,
60,6,163,S10,S3 S10 S7 S10 S2 S5 S1,7,-1,"[[-1, 0, 2], [0, 1, 0], [0, 0, 1]]",101000000,
61,6,20,S11,S3 S10 S7 S11 S10 S6,6,1,"[[-1, 2, -2], [0, 1, -2], [0, 0, -1]]",111001001,"0,-1,1"
62,6,17,S12,S3 S10 S7 S12 S11 S10 S3,7,-1,"[[1, -4, 0], [0, -1, 0], [0, -2, 1]]",000010010,
63,7,81,S5,S2 S7 S4 S5 S7 S8,6,1,"[[-1, 0, 0], [0, 1, 0], [0, 2, -1]]",100000011,"1,-1,0"
64,7,28,S6,S2 S7 S4 S6 S11 S5 S2,7,-1,"[[1, 0, 0], [2, -1, 0], [2, -2, 1]]",000110110,
65,7,49,S8,S2 S7 S4 S8 S6 S9 S3,7,-1,"[[1, 0, 0], [0, 1, 0], [0, 2, -1]]",000000011,
66,7,117,S9,S2 S7 S4 S9 S5 S8 S3,7,-1,"[[-1, 0, 2], [-2, 1, 2], [-2, 2, 1]]",101101110,
67,7,160,S10,S2 S7 S4 S10 S3 S11,6,1,"[[1, -2, 0], [0, -1, 0], [0, 0, -1]]",010010001,"-1,1,0"
68,7,21,S11,S2 S7 S4 S11 S5 S8,6,1,"[[-1, 0, 0], [-2, 1, 0], [-2, 2, -1]]",100100111,"-1,0,1"
69,7,16,S12,S2 S7 S4 S12 S6 S11 S2,7,-1,"[[1, 0, 0], [0, -1, 0], [0, -2, 1]]",000010010,
70,8,12,S1,S3 S4 S12 S1 S9 S6 S1,7,-1,"[[-1, -2, 0], [0, -1, 0], [0, -2, -1]]",110010011,
71,8,16,S2,S3 S4 S12 S2 S6 S11 S2,7,-1,"[[1, 2, 0], [0, 1, 0], [0, 2, -1]]",010000011,
72,8,20,S3,S3 S4 S12 S3 S10 S6,6,1,"[[1, -2, 2], [0, -1, 2], [0, -2, 3]]",011011011,"-1,0,1"
73,8,150,S4,S3 S4 S12 S4 S3 S10,6,1,"[[1, 0, 0], [0, 1, 0], [0, 0, 1]]",000000000,"-1,3,-2"
74,8,75,S5,S3 S4 S12 S5 S10 S12,6,1,"[[3, -2, 0], [2, -1, 0], [2, -2, 1]]",110110110,"1,0,-1"
75,8,44,S6,S3 S4 S12 S6 S12 S3,6,1,"[[1, -2, 2], [0, -1, 2], [0, -2, 3]]",011011011,"-2,1,1"
76,8,9,S7,S3 S4 S12 S7 S9 S4 S1,7,-1,"[[-1, 2, 0], [0, 1, 0], [-2, 2, 1]]",110000110,
77,8,57,S8,S3 S4 S12 S8 S12 S4 S2,7,-1,"[[-1, 2, 0], [0, 1, 0], [0, 0, 1]]",110000000,
78,8,108,S9,S3 S4 S12 S9 S12 S4 S1,7,-1,"[[-1, 2, 0], [0, 1, 0], [0, 0, 1]]",110000000,
79,8,157,S10,S3 S4 S12 S10 S12 S4,6,1,"[[1, 0, 0], [0, 1, 0], [0, 0, 1]]",000000000,"-2,3,-1"
80,8,10,S11,S3 S4 S12 S11 S7 S4 S3,7,-1,"[[1, 0, 0], [0, 1, 0], [0, 2, -1]]",000000011,
81,9,13,S1,S1 S4 S9 S1 S8 S12 S2,7,-1,"[[1, 0, 0], [0, 1, 0], [2, 0, -1]]",000000101,
82,9,17,S2,S1 S4 S9 S2 S11 S10 S3,7,-1,"[[1, -2, 0], [0, 1, 0], [2, -2, -1]]",010000111,
83,9,21,S3,S1 S4 S9 S3 S5 S8,6,1,"[[1, 0, 0], [2, -1, 0], [2, 0, -1]]",000110101,"0,0,0"
84,9,149,S4,S1 S4 S9 S4 S8 S1,6,1,"[[-1, 0, 2], [0, 1, 0], [-2, 0, 3]]",101000101,"-1,2,-1"
85,9,73,S5,S1 S4 S9 S5 S8 S7,6,1,"[[1, 0, 0], [0, -1, 0], [2, 0, -1]]",000010101,"0,1,-1"
86,9,45,S6,S1 S4 S9 S6 S5 S8 S1,7,-1,"[[1, 0, 0], [2, 1, -2], [2, 0, -1]]",000101101,
87,9,56,S8,S1 S4 S9 S8 S10 S4 S1,7,-1,"[[-1, 0, 0], [0, 1, 0], [-2, 0, 1]]",100000100,
88,9,158,S10,S1 S4 S9 S10 S8 S4 S1,7,-1,"[[-1, 2, 0], [0, 1, 0], [-2, 2, 1]]",110000110,
89,9,11,S11,S1 S4 S9 S11 S4 S3,6,1,"[[-1, 2, 0], [0, 1, 0], [0, 2, -1]]",110000011,"0,-1,1"
90,9,10,S12,S1 S4 S9 S12 S7 S4 S3,7,-1,"[[-1, 2, 0], [0, 1, 0], [-2, 4, 1]]",110000100,
91,10,15,S1,S3 S4 S7 S1 S10 S7 S2,7,-1,"[[-1, 2, 0], [0, 1, 0], [0, 0, 1]]",110000000,
92,10,18,S2,S3 S4 S7 S2 S7 S5,6,1,"[[-1, 2, -4], [0, 1, -2], [0, 0, -1]]",110001001,"2,-1,-1"
93,10,23,S3,S3 S4 S7 S3 S5 S9,6,1,"[[3, -2, 0], [2, -1, 0], [0, 0, 1]]",110110000,"-1,0,1"
94,10,151,S4,S3 S4 S7 S4 S3 S9,6,1,"[[1, 0, 0], [0, 1, 0], [0, 0, 1]]",000000000,"0,1,-1"
95,10,74,S5,S3 S4 S7 S5 S11 S6 S3,7,-1,"[[1, -2, 0], [0, -1, 0], [0, 0, 1]]",010010000,
96,10,47,S6,S3 S4 S7 S6 S12 S8 S1,7,-1,"[[1, 2, -4], [0, 1, -2], [0, 0, -1]]",010001001,
97,10,59,S8,S3 S4 S7 S8 S7 S4,6,1,"[[1, 2, 0], [0, 1, 0], [0, 0, 1]]",010000000,"1,0,-1"
98,10,110,S9,S3 S4 S7 S9 S7 S4 S1,7,-1,"[[-1, 2, 0], [0, 1, 0], [0, 0, 1]]",110000000,
99,10,159,S10,S3 S4 S7 S10 S7 S4 S2,7,-1,"[[-1, 2, 0], [0, 1, 0], [0, 0, 1]]",110000000,
100,11,14,S1,S3 S4 S1 S2 S5,5,-1,"[[-1, 2, 0], [0, 1, 0], [0, 0, 1]]",110000000,
101,11,19,S2,S3 S4 S2 S1 S5,5,-1,"[[-1, -2, 4], [0, -1, 2], [0, -2, 3]]",110011011,
102,11,22,S3,S3 S4 S3 S5,4,1,"[[3, -2, 0], [2, -1, 0], [2, -2, 1]]",110110110,"1,1,-2"
103,11,72,S5,S3 S4 S5 S6 S3,5,-1,"[[1, -2, 0], [0, -1, 0], [0, -2, 1]]",010010010,
104,11,46,S6,S3 S4 S6 S5 S3,5,-1,"[[3, -2, -2], [2, -1, -2], [2, -2, -1]]",111111111,
105,11,109,S9,S3 S4 S9 S11 S4 S1,6,1,"[[-1, 2, 0], [0, 1, 0], [0, 2, -1]]",110000011,"0,1,-1"
106,11,156,S10,S3 S4 S10 S3 S12,5,-1,"[[1, 0, -2], [0, 1, -2], [0, 0, -1]]",001001001,
107,12,20,S2,S1 S6 S9 S2 S10 S6,6,1,"[[-1, 0, 2], [2, -1, -2], [0, 0, 1]]",101111000,"1,-2,1"
108,12,16,S3,S1 S6 S9 S3 S6 S11 S2,7,-1,"[[-1, 0, 0], [0, 1, 0], [0, 0, 1]]",100000000,
109,12,162,S4,S1 S6 S9 S4 S8 S5 S1,7,-1,"[[1, 0, -2], [0, 1, 0], [0, 0, -1]]",001000001,
110,12,87,S5,S1 S6 S9 S5 S10 S7,6,1,"[[1, 0, 0], [0, -1, 0], [2, 0, -1]]",000010101,"1,-1,0"
111,12,36,S6,S1 S6 S9 S6 S3 S11 S2,7,-1,"[[-1, 0, 0], [0, 1, 0], [0, 0, 1]]",100000000,
112,12,13,S7,S1 S6 S9 S7 S8 S12 S2,7,-1,"[[1, 0, 0], [0, -1, 0], [0, 0, 1]]",000010000,
113,12,69,S8,S1 S6 S9 S8 S10 S6 S1,7,-1,"[[-1, 0, 0], [2, 1, 0], [0, 0, 1]]",100100000,
114,12,153,S10,S1 S6 S9 S10 S6 S7,6,1,"[[-1, 0, 2], [0, -1, 0], [0, 0, 1]]",101010000,"0,1,-1"
115,12,14,S11,S1 S6 S9 S11 S2 S5,6,1,"[[1, 0, 0], [0, -1, 0], [0, 0, -1]]",000010001,"0,-1,1"
116,12,15,S12,S1 S6 S9 S12 S10 S7 S2,7,-1,"[[1, 0, 0], [0, -1, 0], [2, -2, 1]]",000010110,
117,13,21,S2,S2 S12 S8 S2 S5 S8,6,1,"[[1, 0, 0], [0, 1, 0], [0, 0, 1]]",000000000,"0,0,0"
118,13,17,S3,S2 S12 S8 S3 S11 S10 S3,7,-1,"[[1, -2, 0], [0, -1, 0], [0, -2, 1]]",010010010,
119,13,161,S4,S2 S12 S8 S4 S8 S12 S1,7,-1,"[[-1, 0, 2], [0, 1, 0], [0, 0, 1]]",101000000,
120,13,85,S5,S2 S12 S8 S5 S8 S12,6,1,"[[1, 0, 0], [0, 1, 0], [0, 0, 1]]",000000000,"0,0,0"
121,13,37,S6,S2 S12 S8 S6 S8 S12 S3,7,-1,"[[-1, 0, 2], [0, 1, 0], [0, 0, 1]]",101000000,
122,13,99,S9,S2 S12 S8 S9 S12 S6 S1,7,-1,"[[1, 0, 0], [0, -1, 0], [0, -2, 1]]",000010010,
123,13,154,S10,S2 S12 S8 S10 S7 S9 S2,7,-1,"[[1, 0, 0], [0, 1, 0], [0, 0, -1]]",000000001,
124,13,15,S11,S2 S12 S8 S11 S10 S7 S2,7,-1,"[[1, 0, 0], [0, 1, 0], [0, 2, -1]]",000000011,
125,13,14,S12,S2 S12 S8 S12 S2 S5,6,1,"[[1, 0, 0], [0, 1, 0], [0, 0, 1]]",000000000,"0,0,0"
126,14,19,S3,S5 S2 S3 S1 S5,5,-1,"[[1, 0, 0], [0, 1, -2], [0, 0, -1]]",000001001,
127,14,163,S4,S5 S2 S4 S2 S5 S1,6,1,"[[1, 2, -2], [0, 1, 0], [0, 0, 1]]",011000000,"0,0,0"
128,14,86,S5,S5 S2 S5 S1 S4 S1,6,1,"[[1, 0, 0], [0, 1, 0], [0, 0, 1]]",000000000,"-1,1,0"
129,14,39,S6,S5 S2 S6 S1 S4,5,-1,"[[-1, 0, 0], [0, 1, 0], [0, 0, 1]]",100000000,
130,14,15,S7,S5 S2 S7 S10 S7 S2,6,1,"[[1, 0, 0], [0, 1, 0], [0, 0, 1]]",000000000,"1,-1,0"
131,14,71,S8,S5 S2 S8 S12 S8 S2,6,1,"[[1, 0, 0], [0, 1, 0], [0, 0, 1]]",000000000,"0,0,0"
132,14,98,S9,S5 S2 S9 S11 S6 S1,6,1,"[[1, 0, 0], [0, -1, 0], [0, 0, -1]]",000010001,"0,1,-1"
133,14,155,S10,S5 S2 S10 S7 S10 S2,6,1,"[[1, 0, 0], [0, 1, 0], [0, 0, 1]]",000000000,"1,-1,0"
134,15,23,S2,S2 S7 S10 S2 S5 S9,6,1,"[[1, 0, 0], [0, 1, 0], [-2, 2, 1]]",000000110,"-1,0,1"
135,15,18,S3,S2 S7 S10 S3 S7 S5,6,1,"[[1, 0, 0], [0, -1, 2], [0, -2, 3]]",000011011,"0,-1,1"
136,15,160,S4,S2 S7 S10 S4 S3 S11,6,1,"[[1, -2, 0], [0, -1, 0], [0, 0, -1]]",010010001,"-1,1,0"
137,15,84,S5,S2 S7 S10 S5 S9 S6 S3,7,-1,"[[-1, 0, 0], [0, -1, 0], [2, -2, -1]]",100010111,
138,15,38,S6,S2 S7 S10 S6 S8 S5 S3,7,-1,"[[1, 0, -2], [0, -1, 0], [0, -2, 1]]",001010010,
139,15,70,S8,S2 S7 S10 S8 S9 S7 S2,7,-1,"[[-1, 2, -2], [-2, 3, -2], [-2, 2, -1]]",111111111,
140,15,97,S9,S2 S7 S10 S9 S7 S6 S1,7,-1,"[[1, 0, 0], [0, -1, 0], [0, -2, 1]]",000010010,
141,16,20,S1,S2 S11 S6 S1 S10 S6,6,1,"[[1, 0, -2], [0, 1, 0], [0, 0, 1]]",001000000,"-1,0,1"
142,16,166,S4,S2 S11 S6 S4 S7 S5 S2,7,-1,"[[1, 0, 0], [0, 1, -2], [0, 0, -1]]",000001001,
143,16,91,S5,S2 S11 S6 S5 S11 S8,6,1,"[[-1, 0, 0], [0, 1, 0], [0, 2, -1]]",100000011,"1,0,-1"
144,16,21,S7,S2 S11 S6 S7 S5 S8,6,1,"[[-1, 0, 0], [0, -1, 2], [0, 0, 1]]",100011000,"-1,1,0"
145,16,65,S8,S2 S11 S6 S8 S6 S11 S3,7,-1,"[[-1, 0, 0], [0, 1, 0], [0, 0, 1]]",100000000,
146,16,113,S9,S2 S11 S6 S9 S6 S11 S1,7,-1,"[[-1, 0, 0], [0, 1, 0], [0, 0, 1]]",100000000,
147,16,164,S10,S2 S11 S6 S10 S6 S11,6,1,"[[1, 0, -2], [0, 1, 0], [0, 0, 1]]",001000000,"-1,1,0"
148,17,21,S1,S3 S10 S11 S1 S5 S8,6,1,"[[1, 2, -4], [0, 1, -2], [0, 2, -3]]",010001010,"0,2,-2"
149,17,165,S4,S3 S10 S11 S4 S11 S10 S1,7,-1,"[[-1, 0, 2], [0, 1, 0], [0, 0, 1]]",101000000,
150,17,89,S5,S3 S10 S11 S5 S11 S10,6,1,"[[1, 2, 0], [0, 1, 0], [0, 0, 1]]",010000000,"1,2,-3"
151,17,41,S6,S3 S10 S11 S6 S11 S10 S2,7,-1,"[[-1, 2, 0], [0, 1, 0], [0, 0, 1]]",110000000,
152,17,20,S7,S3 S10 S11 S7 S10 S6,6,1,"[[-1, -2, 2], [0, -1, 0], [0, -2, 1]]",111010010,"0,1,-1"
153,17,64,S8,S3 S10 S11 S8 S11 S3,6,1,"[[1, 2, 0], [0, 1, 0], [0, 2, 1]]",010000010,"1,1,-2"
154,17,115,S9,S3 S10 S11 S9 S4 S11 S1,7,-1,"[[1, 2, 0], [0, 1, 0], [2, 2, -1]]",010000111,
155,17,167,S10,S3 S10 S11 S10 S2 S4 S1,7,-1,"[[-1, 0, 2], [0, 1, 0], [0, 0, 1]]",101000000,
156,18,23,S1,S5 S7 S1 S5 S9,5,-1,"[[1, 0, 0], [2, -1, 0], [0, 0, 1]]",000110000,
157,18,164,S4,S5 S7 S4 S6 S11,5,-1,"[[1, 0, -2], [0, 1, -2], [0, 0, -1]]",001001001,
158,18,88,S5,S5 S7 S5 S11,4,1,"[[1, 0, 0], [0, 1, 2], [0, 0, 1]]",000001000,"-2,1,1"
159,18,43,S6,S5 S7 S6 S4 S11,5,-1,"[[-1, 0, 0], [-4, 1, 2], [-2, 0, 1]]",100001100,
160,18,66,S8,S5 S7 S8 S7 S5 S3,6,1,"[[1, 0, -2], [0, 1, 0], [0, 0, 1]]",001000000,"-3,2,1"
161,18,114,S9,S5 S7 S9 S7 S5 S1,6,1,"[[1, 0, 0], [0, 1, 0], [0, 0, 1]]",000000000,"-2,3,-1"
162,18,166,S10,S5 S7 S10 S7 S5 S2,6,1,"[[1, 0, 0], [0, 1, 0], [0, 0, 1]]",000000000,"-1,1,0"
163,19,167,S4,S5 S1 S4 S2 S4 S1,6,1,"[[1, 2, -2], [0, 3, -2], [0, 2, -1]]",011011011,"0,0,0"
164,19,90,S5,S5 S1 S5 S11 S9,5,-1,"[[1, 0, 0], [0, -1, 2], [0, 0, 1]]",000011000,
165,19,42,S6,S5 S1 S6 S2 S4,5,-1,"[[-1, 0, 0], [0, 3, -2], [0, 2, -1]]",100011011,
166,19,23,S7,S5 S1 S7 S5 S9,5,-1,"[[1, 0, 0], [2, -1, 0], [0, 0, 1]]",000110000,
167,19,67,S8,S5 S1 S8 S11 S8 S1,6,1,"[[1, 2, -2], [0, 3, -2], [0, 2, -1]]",011011011,"-3,2,1"
168,19,112,S9,S5 S1 S9 S11 S1,5,-1,"[[1, 0, 0], [0, -1, 2], [0, 0, 1]]",000011000,
169,19,165,S10,S5 S1 S10 S11 S10 S1,6,1,"[[1, 2, -2], [0, 3, -2], [0, 2, -1]]",011011011,"-1,0,1"
170,20,146,S4,S6 S10 S4 S10 S5,5,-1,"[[1, 0, -2], [0, 1, -2], [0, 0, -1]]",001001001,
171,20,79,S5,S6 S10 S5 S10,4,1,"[[3, 0, -2], [2, 1, -2], [2, 0, -1]]",101101101,"-1,2,-1"
172,20,32,S6,S6 S10 S6 S10 S4,5,-1,"[[1, 0, -2], [0, 1, -2], [0, 0, -1]]",001001001,
173,20,61,S8,S6 S10 S8 S9 S6,5,-1,"[[-1, 0, 2], [-2, 1, 2], [0, 0, 1]]",101101000,
174,20,105,S9,S6 S10 S9 S8 S6,5,-1,"[[1, -2, 2], [0, -1, 2], [0, 0, 1]]",011011000,
175,21,145,S4,S8 S5 S4 S6 S8,5,-1,"[[1, -2, 2], [0, -1, 2], [0, 0, 1]]",011011000,
176,21,33,S6,S8 S5 S6 S9 S4,5,-1,"[[-1, 0, 0], [-2, 1, 0], [-2, 0, 1]]",100100100,
177,21,60,S8,S8 S5 S8 S2 S12 S2,6,1,"[[1, 0, 0], [0, 1, 0], [0, 0, 1]]",000000000,"0,0,0"
178,21,107,S9,S8 S5 S9 S4 S7 S1,6,1,"[[1, 0, 0], [2, -1, 0], [2, 0, -1]]",000110101,"0,1,-1"
179,21,147,S10,S8 S5 S10 S6 S9,5,-1,"[[1, 0, -2], [0, 1, -2], [0, 0, -1]]",001001001,
180,22,144,S4,S5 S4 S6,3,-1,"[[1, 0, -2], [0, 1, -2], [0, 0, -1]]",001001001,
181,22,35,S6,S5 S6 S4,3,-1,"[[-1, 0, 0], [-2, 1, 0], [-2, 0, 1]]",100100100,
182,23,147,S4,S9 S5 S4 S6 S9,5,-1,"[[-1, 0, 2], [-2, 1, 2], [0, 0, 1]]",101101000,
183,23,34,S6,S9 S5 S6 S8 S4,5,-1,"[[-1, 0, 0], [-2, 1, 0], [0, -2, 1]]",100100010,
184,23,63,S8,S9 S5 S8 S10 S7 S1,6,1,"[[-1, 0, 0], [0, -1, 0], [-2, 0, 1]]",100010100,"0,1,-1"
185,23,104,S9,S9 S5 S9 S7 S1,5,-1,"[[1, 0, 0], [2, -1, 0], [0, 0, 1]]",000110000,
186,23,145,S10,S9 S5 S10 S6 S8,5,-1,"[[-1, 2, -2], [-2, 3, -2], [0, 0, -1]]",111111001,
187,24,25,S1,S3 S5 S10 S1 S6 S9 S1,7,-1,"[[1, 0, 2], [0, -1, 2], [0, 0, 1]]",001011000,
188,24,26,S2,S3 S5 S10 S2 S11 S6 S2,7,-1,"[[-1, 0, -2], [0, -1, -2], [0, 0, -1]]",101011001,
189,24,27,S3,S3 S5 S10 S3 S12 S6,6,1,"[[1, 2, -2], [0, 3, -2], [0, 2, -1]]",011011011,"0,-1,1"
190,24,93,S4,S3 S5 S10 S4 S12 S10,6,1,"[[3, 0, -2], [2, 1, -2], [2, 0, -1]]",101101101,"0,1,-1"
191,24,156,S5,S3 S5 S10 S5 S3 S12,6,1,"[[1, 0, 0], [0, 1, 0], [0, 0, 1]]",000000000,"3,-1,-2"
192,24,48,S7,S3 S5 S10 S7 S10 S5 S1,7,-1,"[[-1, 0, 2], [0, 1, 0], [0, 0, 1]]",101000000,
193,24,28,S8,S3 S5 S10 S8 S11 S5 S2,7,-1,"[[-1, 0, 2], [-2, 1, 2], [0, 0, 1]]",101101000,
194,24,38,S9,S3 S5 S10 S9 S8 S5 S3,7,-1,"[[1, 0, 0], [0, -1, 2], [0, 0, 1]]",000011000,
195,24,122,S11,S3 S5 S10 S11 S10 S5 S2,7,-1,"[[-1, 0, 2], [0, 1, 0], [0, 0, 1]]",101000000,
196,24,146,S12,S3 S5 S10 S12 S10 S5,6,1,"[[1, 0, 0], [0, 1, 0], [0, 0, 1]]",000000000,"3,-2,-1"
197,25,27,S2,S1 S9 S6 S2 S12 S6,6,1,"[[1, -2, 0], [0, 1, 0], [0, 0, 1]]",010000000,"0,-1,1"
198,25,26,S3,S1 S9 S6 S3 S11 S6 S2,7,-1,"[[-1, 0, 0], [0, 1, 0], [0, 0, 1]]",100000000,
199,25,94,S4,S1 S9 S6 S4 S9 S7,6,1,"[[-1, 0, 0], [0, -1, 2], [0, 0, 1]]",100011000,"0,1,-1"
200,25,158,S5,S1 S9 S6 S5 S8 S4 S1,7,-1,"[[1, 0, 0], [0, -1, 0], [0, -2, 1]]",000010010,
201,25,49,S7,S1 S9 S6 S7 S6 S9 S3,7,-1,"[[-1, 0, 0], [0, 1, 0], [0, 0, 1]]",100000000,
202,25,31,S8,S1 S9 S6 S8 S4 S7,6,1,"[[-1, 0, 0], [0, 1, 0], [0, 2, -1]]",100000011,"1,-1,0"
203,25,36,S9,S1 S9 S6 S9 S3 S11 S2,7,-1,"[[-1, 0, 0], [0, 1, 0], [0, 0, 1]]",100000000,
204,25,45,S10,S1 S9 S6 S10 S5 S8 S1,7,-1,"[[1, 0, 0], [0, 1, -2], [0, 0, -1]]",000001001,
205,25,123,S11,S1 S9 S6 S11 S6 S9 S2,7,-1,"[[-1, 0, 0], [0, 1, 0], [0, 0, 1]]",100000000,
206,25,147,S12,S1 S9 S6 S12 S6 S9,6,1,"[[1, -2, 0], [0, 1, 0], [0, 0, 1]]",010000000,"1,-1,0"
207,26,27,S1,S2 S6 S11 S1 S12 S6,6,1,"[[-1, 2, 0], [0, 1, 0], [2, -2, -1]]",110000111,"-2,1,1"
208,26,95,S4,S2 S6 S11 S4 S12 S8,6,1,"[[1, 0, 0], [2, -1, 0], [0, 0, -1]]",000110001,"-1,1,0"
209,26,159,S5,S2 S6 S11 S5 S7 S4 S2,7,-1,"[[1, -2, 0], [0, -1, 0], [0, 0, 1]]",010010000,
210,26,51,S7,S2 S6 S11 S7 S10 S12 S1,7,-1,"[[1, 0, 0], [2, 1, -2], [0, 0, -1]]",000101001,
211,26,30,S8,S2 S6 S11 S8 S7 S10 S1,7,-1,"[[1, 0, 0], [0, 1, 0], [0, 0, -1]]",000000001,
212,26,39,S9,S2 S6 S11 S9 S1 S4,6,1,"[[1, 0, 0], [0, -1, 0], [0, 0, -1]]",000010001,"-1,0,1"
213,26,47,S10,S2 S6 S11 S10 S12 S8 S1,7,-1,"[[1, 0, 0], [2, 1, -2], [0, 0, -1]]",000101001,
214,26,145,S12,S2 S6 S11 S12 S6 S8,6,1,"[[-1, 2, 0], [0, 1, 0], [0, 0, -1]]",110000001,"1,0,-1"
215,27,92,S4,S6 S12 S4 S12,4,1,"[[3, -2, 0], [2, -1, 0], [2, -2, 1]]",110110110,"2,-1,-1"
216,27,157,S5,S6 S12 S5 S12 S4,5,-1,"[[1, -2, 0], [0, -1, 0], [0, -2, 1]]",010010010,
217,27,50,S7,S6 S12 S7 S11 S6,5,-1,"[[-1, 2, 0], [0, 1, 0], [-2, 2, 1]]",110000110,
218,27,29,S8,S6 S12 S8 S7 S9 S3,6,1,"[[-1, 2, 0], [0, 1, 0], [0, 0, -1]]",110000001,"0,1,-1"
219,27,37,S9,S6 S12 S9 S8 S12 S3,6,1,"[[-1, -2, 2], [0, -1, 0], [0, -2, 1]]",111010010,"1,0,-1"
220,27,44,S10,S6 S12 S10 S12 S3,5,-1,"[[3, -2, -2], [2, -1, -2], [2, -2, -1]]",111111111,
221,27,121,S11,S6 S12 S11 S7 S6,5,-1,"[[1, 2, -2], [0, 1, 0], [0, 2, -1]]",011000011,
222,28,29,S1,S2 S5 S11 S1 S7 S9 S3,7,-1,"[[1, 0, 0], [2, -1, 0], [0, 0, 1]]",000110000,
223,28,30,S2,S2 S5 S11 S2 S7 S10 S1,7,-1,"[[1, 0, 0], [2, -1, 0], [0, 0, 1]]",000110000,
224,28,31,S3,S2 S5 S11 S3 S4 S7,6,1,"[[1, 0, 0], [2, -1, 0], [2, 0, -1]]",000110101,"0,0,0"
225,28,81,S4,S2 S5 S11 S4 S7 S8,6,1,"[[1, 0, 0], [2, -1, 0], [0, 0, -1]]",000110001,"1,0,-1"
226,28,152,S5,S2 S5 S11 S5 S7 S2,6,1,"[[-1, 2, 0], [-2, 3, 0], [0, 0, 1]]",110110000,"2,-1,-1"
227,28,52,S7,S2 S5 S11 S7 S3 S10 S1,7,-1,"[[1, 0, 0], [2, -1, 0], [0, -2, 1]]",000110010,
228,28,46,S9,S2 S5 S11 S9 S5 S3,6,1,"[[-1, 0, 2], [0, -1, 2], [0, 0, 1]]",101011000,"-1,0,1"
229,28,38,S10,S2 S5 S11 S10 S8 S5 S3,7,-1,"[[-1, 0, 2], [-2, 1, 4], [0, 0, 1]]",101100000,
230,28,166,S12,S2 S5 S11 S12 S7 S5 S2,7,-1,"[[-1, 0, 2], [-2, 1, 2], [0, 0, 1]]",101101000,
231,29,31,S2,S3 S9 S7 S2 S4 S7,6,1,"[[1, 0, 0], [0, 1, 0], [0, -2, 1]]",000000010,"1,-1,0"
232,29,30,S3,S3 S9 S7 S3 S7 S10 S1,7,-1,"[[1, 0, 0], [0, 1, 0], [0, 0, -1]]",000000001,
233,29,82,S4,S3 S9 S7 S4 S7 S9,6,1,"[[1, 0, 0], [0, 1, 0], [0, 0, 1]]",000000000,"0,-1,1"
234,29,154,S5,S3 S9 S7 S5 S7 S9 S2,7,-1,"[[-1, 2, 0], [0, 1, 0], [0, 0, 1]]",110000000,
235,29,44,S9,S3 S9 S7 S9 S12 S3,6,1,"[[1, 0, -2], [0, 1, -2], [0, 0, 1]]",001001000,"-1,-1,2"
236,29,37,S10,S3 S9 S7 S10 S8 S12 S3,7,-1,"[[1, 0, -2], [0, 1, 0], [0, 0, -1]]",001000001,
237,29,143,S11,S3 S9 S7 S11 S5 S9 S2,7,-1,"[[1, 0, 0], [2, -1, 0], [0, 0, 1]]",000110000,
238,29,167,S12,S3 S9 S7 S12 S2 S4 S1,7,-1,"[[-1, 0, 0], [0, -1, 0], [0, 2, -1]]",100010011,
239,30,31,S1,S1 S10 S7 S1 S4 S7,6,1,"[[1, 0, 0], [0, 1, 0], [0, 0, 1]]",000000000,"0,0,0"
240,30,83,S4,S1 S10 S7 S4 S7 S10,6,1,"[[1, 0, 0], [0, 1, 0], [0, 0, 1]]",000000000,"0,0,0"
241,30,155,S5,S1 S10 S7 S5 S7 S10 S2,7,-1,"[[-1, 2, 0], [0, 1, 0], [0, 0, 1]]",110000000,
242,30,47,S9,S1 S10 S7 S9 S12 S8 S1,7,-1,"[[1, 0, 0], [0, -1, 2], [0, 0, 1]]",000011000,
243,30,39,S10,S1 S10 S7 S10 S1 S4,6,1,"[[1, 0, 0], [0, 1, 0], [0, 0, 1]]",000000000,"0,0,0"
244,30,140,S11,S1 S10 S7 S11 S12 S10 S1,7,-1,"[[-1, 0, 0], [-2, 1, 0], [-2, 0, 1]]",100100100,
245,30,165,S12,S1 S10 S7 S12 S11 S10 S1,7,-1,"[[1, -2, 0], [0, -1, 0], [0, -2, 1]]",010010010,
246,31,153,S5,S7 S4 S5 S6 S7,5,-1,"[[1, 2, -2], [0, 1, 0], [0, 2, -1]]",011000011,
247,31,54,S7,S7 S4 S7 S1 S10 S1,6,1,"[[1, 0, 0], [0, 1, 0], [0, 0, 1]]",000000000,"0,0,0"
248,31,45,S9,S7 S4 S9 S5 S8 S1,6,1,"[[-1, 0, 0], [-2, -1, 2], [-2, 0, 1]]",100111100,"0,1,-1"
249,31,36,S10,S7 S4 S10 S3 S11 S2,6,1,"[[1, 0, 0], [0, -1, 0], [0, 0, -1]]",000010001,"1,-1,0"
250,31,141,S11,S7 S4 S11 S5 S8 S2,6,1,"[[1, 0, 0], [2, -1, 0], [2, 0, -1]]",000110101,"1,0,-1"
251,31,164,S12,S7 S4 S12 S6 S11,5,-1,"[[1, -2, 0], [0, -1, 0], [0, -2, 1]]",010010010,
252,32,36,S1,S4 S10 S1 S3 S11 S2,6,1,"[[1, 0, 0], [0, -1, 0], [0, 0, -1]]",000010001,"1,-1,0"
253,32,40,S2,S4 S10 S2 S11 S2,5,-1,"[[1, 0, 0], [0, 1, 0], [0, 0, -1]]",000000001,
254,32,44,S3,S4 S10 S3 S12 S3,5,-1,"[[1, 0, -2], [0, 1, -2], [0, 0, -1]]",001001001,
255,32,79,S4,S4 S10 S4 S10,4,1,"[[1, 0, 0], [0, 1, 0], [0, 0, 1]]",000000000,"0,0,0"
256,32,146,S5,S4 S10 S5 S10 S5,5,-1,"[[1, 0, -2], [0, 1, -2], [0, 0, -1]]",001001001,
257,32,56,S7,S4 S10 S7 S10 S4 S1,6,1,"[[1, 0, 0], [0, 1, 0], [0, 0, 1]]",000000000,"0,0,0"
258,32,33,S8,S4 S10 S8 S9 S4,5,-1,"[[1, 0, 0], [0, 1, 0], [2, 0, -1]]",000000101,
259,32,34,S9,S4 S10 S9 S8 S4,5,-1,"[[1, 0, 0], [0, 1, 0], [0, 2, -1]]",000000011,
260,32,132,S11,S4 S10 S11 S2 S11,5,-1,"[[1, 0, 0], [0, 1, 0], [0, 0, -1]]",000000001,
261,32,156,S12,S4 S10 S12 S3 S12,5,-1,"[[1, 0, -2], [0, 1, -2], [0, 0, -1]]",001001001,
262,33,37,S1,S4 S9 S1 S8 S12 S3,6,1,"[[1, 0, -2], [0, 1, 0], [2, 0, -3]]",001000100,"0,-2,2"
263,33,41,S2,S4 S9 S2 S11 S10 S2,6,1,"[[1, 0, 0], [0, 1, 0], [2, -2, 1]]",000000110,"0,-2,2"
264,33,45,S3,S4 S9 S3 S5 S8 S1,6,1,"[[-1, 0, 0], [-2, -1, 2], [-2, 0, 1]]",100111100,"0,0,0"
265,33,77,S4,S4 S9 S4 S8,4,1,"[[1, 0, 0], [0, 1, 0], [2, 0, 1]]",000000100,"1,-2,1"
266,33,145,S5,S4 S9 S5 S6 S8,5,-1,"[[1, -2, 0], [0, -1, 0], [2, -4, 1]]",010010100,
267,33,57,S7,S4 S9 S7 S12 S4 S2,6,1,"[[-1, 0, 0], [0, 1, 0], [-2, 2, -1]]",100000111,"2,-3,1"
268,33,34,S10,S4 S9 S10 S8 S4,5,-1,"[[1, 0, 0], [0, 1, 0], [2, 2, -1]]",000000111,
269,33,135,S11,S4 S9 S11 S4 S2,5,-1,"[[1, 0, 0], [0, 1, 0], [0, 2, -1]]",000000011,
270,33,159,S12,S4 S9 S12 S7 S4 S2,6,1,"[[-1, 2, 0], [0, 1, 0], [-2, 4, -1]]",110000101,"0,-1,1"
271,34,38,S1,S4 S8 S1 S8 S5 S3,6,1,"[[-1, 0, 2], [0, -1, 0], [0, -2, 1]]",101010010,"1,-2,1"
272,34,43,S2,S4 S8 S2 S4 S11,5,-1,"[[1, 0, 0], [0, 1, 0], [2, 0, -1]]",000000101,
273,34,47,S3,S4 S8 S3 S12 S8 S1,6,1,"[[1, 0, 0], [0, -1, 2], [0, -2, 3]]",000011011,"1,0,-1"
274,34,78,S4,S4 S8 S4 S9,4,1,"[[1, 0, 0], [0, 1, 0], [0, 2, 1]]",000000010,"1,-2,1"
275,34,147,S5,S4 S8 S5 S6 S9,5,-1,"[[1, -2, 0], [0, -1, 0], [0, -2, 1]]",010010010,
276,34,58,S7,S4 S8 S7 S8 S4 S3,6,1,"[[1, -2, 0], [0, 1, 0], [0, 0, 1]]",010000000,"2,-3,1"
277,34,134,S11,S4 S8 S11 S8 S4 S2,6,1,"[[1, 0, 0], [0, 1, 0], [0, 0, 1]]",000000000,"3,-2,-1"
278,34,158,S12,S4 S8 S12 S8 S4 S1,6,1,"[[1, 0, 0], [0, 1, 0], [0, 0, 1]]",000000000,"1,-1,0"
279,35,46,S3,S4 S3 S5 S3,4,1,"[[-1, 0, 2], [-2, 1, 2], [-2, 0, 3]]",101101101,"-1,-1,2"
280,35,144,S5,S4 S5 S6,3,-1,"[[1, -2, 0], [0, -1, 0], [0, -2, 1]]",010010010,
281,36,44,S2,S2 S11 S3 S2 S12 S3,6,1,"[[1, 0, -2], [0, 1, 0], [0, 0, 1]]",001000000,"-1,0,1"
282,36,87,S4,S2 S11 S3 S4 S10 S7,6,1,"[[1, 0, 0], [0, -1, 0], [0, 0, -1]]",000010001,"-1,1,0"
283,36,162,S5,S2 S11 S3 S5 S8 S5 S1,7,-1,"[[-1, 0, 0], [0, 1, 0], [0, 0, 1]]",100000000,
284,36,60,S7,S2 S11 S3 S7 S2 S12 S2,7,-1,"[[-1, 0, 0], [0, 1, 0], [0, 0, 1]]",100000000,
285,36,45,S8,S2 S11 S3 S8 S5 S8 S1,7,-1,"[[-1, 0, 0], [0, 1, 0], [0, 0, 1]]",100000000,
286,36,136,S11,S2 S11 S3 S11 S2 S12,6,1,"[[1, 0, 0], [0, 1, 0], [0, 0, 1]]",000000000,"-1,0,1"
287,36,160,S12,S2 S11 S3 S12 S3 S11,6,1,"[[1, 0, -2], [0, 1, 0], [0, 0, 1]]",001000000,"0,0,0"
288,37,45,S2,S3 S12 S8 S2 S5 S8 S1,7,-1,"[[-1, 0, 2], [0, 1, 0], [0, 0, 1]]",101000000,
289,37,41,S3,S3 S12 S8 S3 S11 S10 S2,7,-1,"[[1, -4, 2], [0, -1, 0], [0, -2, 1]]",001010010,
290,37,85,S4,S3 S12 S8 S4 S8 S12,6,1,"[[1, 0, 2], [0, 1, 0], [0, 0, 1]]",001000000,"0,1,-1"
291,37,161,S5,S3 S12 S8 S5 S8 S12 S1,7,-1,"[[-1, 0, 2], [0, 1, 0], [0, 0, 1]]",101000000,
292,37,61,S7,S3 S12 S8 S7 S9 S6,6,1,"[[-1, 0, 2], [0, -1, 0], [0, 0, 1]]",101010000,"0,1,-1"
293,37,139,S11,S3 S12 S8 S11 S10 S7 S3,7,-1,"[[1, 2, -2], [0, 1, 0], [0, 2, -1]]",011000011,
294,37,163,S12,S3 S12 S8 S12 S2 S5 S1,7,-1,"[[-1, 0, 2], [0, 1, 0], [0, 0, 1]]",101000000,
295,38,47,S2,S3 S5 S8 S2 S12 S8 S1,7,-1,"[[-1, 0, 2], [0, 1, 0], [0, 0, 1]]",101000000,
296,38,43,S3,S3 S5 S8 S3 S4 S11,6,1,"[[3, 0, -2], [0, 1, 0], [2, 0, -1]]",101000101,"0,-1,1"
297,38,84,S4,S3 S5 S8 S4 S9 S6 S3,7,-1,"[[1, 0, -2], [0, 1, 0], [0, 0, -1]]",001000001,
298,38,160,S5,S3 S5 S8 S5 S3 S11,6,1,"[[1, 0, 0], [0, 1, 0], [0, 0, 1]]",000000000,"1,0,-1"
299,38,62,S7,S3 S5 S8 S7 S8 S5,6,1,"[[1, 0, 2], [0, 1, 0], [0, 0, 1]]",001000000,"0,1,-1"
300,38,138,S11,S3 S5 S8 S11 S8 S5 S2,7,-1,"[[-1, 0, 2], [0, 1, 0], [0, 0, 1]]",101000000,
301,38,162,S12,S3 S5 S8 S12 S8 S5 S1,7,-1,"[[-1, 0, 2], [0, 1, 0], [0, 0, 1]]",101000000,
302,39,46,S2,S4 S1 S2 S5 S3,5,-1,"[[-1, 0, 2], [0, 1, 0], [0, 0, 1]]",101000000,
303,39,42,S3,S4 S1 S3 S2 S4,5,-1,"[[1, 0, 0], [0, -1, 0], [0, -2, 1]]",000010010,
304,39,86,S4,S4 S1 S4 S1 S4 S1,6,1,"[[1, 0, 0], [0, 1, 0], [0, 0, 1]]",000000000,"0,0,0"
305,39,163,S5,S4 S1 S5 S2 S5 S1,6,1,"[[1, 0, 0], [0, 1, 0], [0, 0, 1]]",000000000,"-1,1,0"
306,39,63,S7,S4 S1 S7 S10 S7 S1,6,1,"[[1, 0, 0], [0, 1, 0], [0, 0, 1]]",000000000,"0,0,0"
307,39,47,S8,S4 S1 S8 S12 S8 S1,6,1,"[[1, 0, 0], [0, 1, 0], [0, 0, 1]]",000000000,"-1,1,0"
308,39,137,S11,S4 S1 S11 S9 S6 S2,6,1,"[[1, 0, 0], [0, -1, 0], [0, 0, -1]]",000010001,"1,0,-1"
309,39,161,S12,S4 S1 S12 S8 S12 S1,6,1,"[[1, 0, 0], [0, 1, 0], [0, 0, 1]]",000000000,"-1,1,0"
310,40,44,S1,S2 S11 S1 S12 S3,5,-1,"[[1, 0, -2], [2, -1, -2], [0, 0, 1]]",001111000,
311,40,91,S4,S2 S11 S4 S11 S8,5,-1,"[[1, 0, 0], [0, 1, 0], [-2, 2, -1]]",000000111,
312,40,166,S5,S2 S11 S5 S7 S5 S2,6,1,"[[1, 0, -2], [0, 1, -2], [0, 0, 1]]",001001000,"-2,1,1"
313,40,68,S7,S2 S11 S7 S12 S2,5,-1,"[[-1, 0, 0], [-2, 1, 0], [0, 0, 1]]",100100000,
314,40,41,S8,S2 S11 S8 S11 S10 S2,6,1,"[[1, 0, 0], [0, 1, 0], [0, -2, 1]]",000000010,"-1,-1,2"
315,40,42,S9,S2 S11 S9 S2 S4,5,-1,"[[1, 0, 0], [0, 1, 0], [0, 2, -1]]",000000011,
316,40,43,S10,S2 S11 S10 S4 S11,5,-1,"[[1, 0, 0], [0, 1, 0], [0, 0, -1]]",000000001,
317,40,152,S12,S2 S11 S12 S7 S2,5,-1,"[[1, -2, 0], [0, -1, 0], [0, 0, 1]]",010010000,
318,41,45,S1,S2 S10 S11 S1 S5 S8 S1,7,-1,"[[-1, 0, 0], [0, 1, -2], [0, 2, -3]]",100001010,
319,41,89,S4,S2 S10 S11 S4 S11 S10,6,1,"[[1, 0, 0], [0, 1, 0], [0, 0, 1]]",000000000,"-1,3,-2"
320,41,165,S5,S2 S10 S11 S5 S11 S10 S1,7,-1,"[[-1, 2, 0], [0, 1, 0], [0, 0, 1]]",110000000,
321,41,69,S7,S2 S10 S11 S7 S10 S6 S1,7,-1,"[[1, 0, 0], [0, -1, 0], [0, -2, 1]]",000010010,
322,41,43,S9,S2 S10 S11 S9 S4 S11,6,1,"[[1, 0, 0], [0, 1, 0], [-2, 2, 1]]",000000110,"-1,0,1"
323,41,42,S10,S2 S10 S11 S10 S2 S4,6,1,"[[1, 0, 0], [0, 1, 0], [0, 0, 1]]",000000000,"-2,3,-1"
324,41,155,S12,S2 S10 S11 S12 S7 S10 S2,7,-1,"[[1, -2, 0], [0, -1, 0], [0, -2, 1]]",010010010,
325,42,46,S1,S4 S2 S1 S5 S3,5,-1,"[[-1, 0, 2], [0, -1, 2], [0, -2, 3]]",101011011,
326,42,90,S4,S4 S2 S4 S11 S9,5,-1,"[[1, 0, 0], [0, 1, 0], [0, 2, -1]]",000000011,
327,42,167,S5,S4 S2 S5 S2 S4 S1,6,1,"[[1, 0, 0], [0, 1, 0], [0, 0, 1]]",000000000,"1,-1,0"
328,42,70,S7,S4 S2 S7 S9 S7 S2,6,1,"[[1, -2, 2], [0, -1, 2], [0, -2, 3]]",011011011,"2,-3,1"
329,42,43,S8,S4 S2 S8 S4 S11,5,-1,"[[1, 0, 0], [0, 1, 0], [2, 0, -1]]",000000101,
330,42,126,S11,S4 S2 S11 S9 S2,5,-1,"[[1, 0, 0], [0, 1, 0], [0, 2, -1]]",000000011,
331,42,154,S12,S4 S2 S12 S7 S9 S2,6,1,"[[1, -2, 0], [0, -1, 0], [0, -2, -1]]",010010011,"1,0,-1"
332,43,47,S1,S11 S4 S1 S12 S8 S1,6,1,"[[1, 0, 0], [2, 1, -2], [0, 0, 1]]",000101000,"0,1,-1"
333,43,164,S5,S11 S4 S5 S6 S11,5,-1,"[[-1, 2, 0], [0, 1, 0], [-2, 2, 1]]",110000110,
334,43,71,S7,S11 S4 S7 S12 S8 S2,6,1,"[[-1, 0, 0], [-2, 1, 0], [0, 0, -1]]",100100001,"1,0,-1"
335,43,125,S11,S11 S4 S11 S8 S2,5,-1,"[[1, 0, 0], [0, 1, 0], [2, 0, -1]]",000000101,
336,43,153,S12,S11 S4 S12 S6 S7,5,-1,"[[-1, -2, 2], [0, -1, 0], [-2, -2, 3]]",111010111,
337,44,75,S4,S3 S12 S4 S10 S12,5,-1,"[[1, 0, -2], [0, 1, -2], [0, 0, -1]]",001001001,
338,44,150,S5,S3 S12 S5 S3 S10,5,-1,"[[1, -2, 0], [0, -1, 0], [0, -2, 1]]",010010010,
339,44,64,S7,S3 S12 S7 S11 S3,5,-1,"[[-1, 0, 2], [-2, 1, 2], [0, 0, 1]]",101101000,
340,44,128,S11,S3 S12 S11 S7 S3,5,-1,"[[1, -2, 2], [0, -1, 2], [0, 0, 1]]",011011000,
341,45,73,S4,S1 S8 S5 S4 S8 S7,6,1,"[[-1, 0, 0], [0, -1, 2], [0, 0, 1]]",100011000,"-1,1,0"
342,45,65,S7,S1 S8 S5 S7 S6 S11 S3,7,-1,"[[1, 0, 0], [0, -1, 2], [0, 0, 1]]",000011000,
343,45,131,S11,S1 S8 S5 S11 S4 S7 S3,7,-1,"[[-1, 2, 0], [-2, 1, 2], [-2, 2, 1]]",110101110,
344,45,151,S12,S1 S8 S5 S12 S3 S9,6,1,"[[1, 0, -2], [0, -1, 0], [0, 0, -1]]",001010001,"1,-1,0"
345,46,72,S4,S3 S5 S4 S6 S3,5,-1,"[[1, 0, -2], [0, 1, -2], [0, 0, -1]]",001001001,
346,46,130,S11,S3 S5 S11 S9 S5 S2,6,1,"[[-1, 0, 2], [0, -1, 2], [0, 0, 1]]",101011000,"1,0,-1"
347,46,150,S12,S3 S5 S12 S3 S10,5,-1,"[[1, -2, 0], [0, -1, 0], [0, -2, 1]]",010010010,
348,47,74,S4,S1 S8 S12 S4 S11 S6 S3,7,-1,"[[-1, 0, 0], [2, -1, -2], [0, 0, -1]]",100111001,
349,47,151,S5,S1 S8 S12 S5 S3 S9,6,1,"[[1, 0, -2], [0, -1, 0], [0, 0, -1]]",001010001,"1,-1,0"
350,47,67,S7,S1 S8 S12 S7 S11 S8 S1,7,-1,"[[-1, -2, 2], [-2, -1, 2], [-2, -2, 3]]",111111111,
351,47,129,S11,S1 S8 S12 S11 S7 S8 S1,7,-1,"[[1, 0, -2], [0, 1, -2], [0, 0, -1]]",001001001,
352,48,49,S1,S1 S5 S10 S1 S6 S9 S3,7,-1,"[[1, 0, 0], [0, -1, 2], [0, 0, 1]]",000011000,
353,48,50,S2,S1 S5 S10 S2 S11 S6,6,1,"[[1, 0, 0], [0, -1, -2], [0, 0, -1]]",000011001,"2,-2,0"
354,48,51,S3,S1 S5 S10 S3 S10 S12 S1,7,-1,"[[1, 0, 0], [2, 3, -4], [2, 2, -3]]",000110110,
355,48,69,S4,S1 S5 S10 S4 S10 S6 S1,7,-1,"[[1, 0, 0], [0, 1, -2], [0, 0, -1]]",000001001,
356,48,56,S5,S1 S5 S10 S5 S10 S4 S1,7,-1,"[[1, 0, 0], [0, 1, -2], [0, 0, -1]]",000001001,
357,48,55,S6,S1 S5 S10 S6 S10 S1,6,1,"[[1, 0, 0], [0, 3, -2], [0, 2, -1]]",000011011,"1,-2,1"
358,48,162,S9,S1 S5 S10 S9 S8 S5 S1,7,-1,"[[1, 2, -2], [0, -1, 2], [0, 0, 1]]",011011000,
359,48,146,S11,S1 S5 S10 S11 S10 S5,6,1,"[[1, -2, 2], [0, 1, 0], [0, 0, 1]]",011000000,"2,-3,1"
360,48,122,S12,S1 S5 S10 S12 S10 S5 S2,7,-1,"[[-1, 0, 0], [0, 1, 0], [0, 0, 1]]",100000000,
361,49,51,S2,S3 S9 S6 S2 S10 S12 S1,7,-1,"[[1, 0, 0], [2, 1, -2], [2, 0, -1]]",000101101,
362,49,50,S3,S3 S9 S6 S3 S11 S6,6,1,"[[1, 0, 0], [0, 1, 0], [0, 0, 1]]",000000000,"0,0,0"
363,49,70,S4,S3 S9 S6 S4 S9 S7 S2,7,-1,"[[1, -2, 2], [0, -1, 2], [0, 0, 1]]",011011000,
364,49,58,S5,S3 S9 S6 S5 S8 S4 S3,7,-1,"[[1, -2, 0], [0, -1, 0], [0, -2, 1]]",010010010,
365,49,160,S9,S3 S9 S6 S9 S3 S11,6,1,"[[1, 0, 0], [0, 1, 0], [0, 0, 1]]",000000000,"0,0,0"
366,49,117,S10,S3 S9 S6 S10 S5 S8 S3,7,-1,"[[1, 0, -2], [0, 1, -2], [0, 0, -1]]",001001001,
367,49,147,S11,S3 S9 S6 S11 S6 S9,6,1,"[[1, 0, 0], [0, 1, 0], [0, 0, 1]]",000000000,"0,0,0"
368,49,123,S12,S3 S9 S6 S12 S6 S9 S2,7,-1,"[[-1, 0, 0], [0, 1, 0], [0, 0, 1]]",100000000,
369,50,51,S1,S6 S11 S1 S10 S12 S1,6,1,"[[1, 0, 0], [2, 1, -2], [0, 0, 1]]",000101000,"-1,1,0"
370,50,71,S4,S6 S11 S4 S12 S8 S2,6,1,"[[-1, 0, 0], [-2, 1, 0], [0, 0, -1]]",100100001,"1,-1,0"
371,50,59,S5,S6 S11 S5 S7 S4,5,-1,"[[1, 0, 0], [0, -1, 0], [0, 0, 1]]",000010000,
372,50,54,S6,S6 S11 S6 S1 S10 S1,6,1,"[[1, 0, 0], [0, 1, 0], [0, 0, 1]]",000000000,"0,1,-1"
373,50,163,S9,S6 S11 S9 S2 S5 S1,6,1,"[[1, 0, -2], [0, -1, 0], [0, 0, -1]]",001010001,"0,1,-1"
374,50,119,S10,S6 S11 S10 S12 S8 S3,6,1,"[[1, 0, -2], [2, -1, -2], [0, 0, -1]]",001111001,"0,-1,1"
375,50,121,S12,S6 S11 S12 S7 S6,5,-1,"[[1, 0, -2], [0, 1, 0], [0, 0, -1]]",001000001,
376,51,68,S4,S1 S12 S10 S4 S12 S2,6,1,"[[-1, 0, 0], [0, 1, -2], [0, 0, -1]]",100001001,"1,-1,0"
377,51,57,S5,S1 S12 S10 S5 S12 S4 S2,7,-1,"[[-1, 0, 0], [-2, 3, -2], [-2, 2, -1]]",100111111,
378,51,52,S6,S1 S12 S10 S6 S3 S10 S1,7,-1,"[[1, 0, 0], [2, 1, -2], [2, 0, -1]]",000101101,
379,51,161,S9,S1 S12 S10 S9 S8 S12 S1,7,-1,"[[-1, -2, 2], [-2, -1, 2], [-2, -2, 3]]",111111111,
380,51,145,S11,S1 S12 S10 S11 S6 S8,6,1,"[[1, 0, 0], [2, -3, 2], [2, -2, 1]]",000101110,"2,-2,0"
381,51,120,S12,S1 S12 S10 S12 S6 S2,6,1,"[[-1, 0, 0], [-2, 1, -2], [-2, 0, -1]]",100101101,"3,-2,-1"
382,52,53,S1,S1 S10 S3 S1 S9 S3,6,1,"[[1, 0, 0], [0, 1, 0], [0, 2, 1]]",000000010,"0,1,-1"
383,52,54,S2,S1 S10 S3 S2 S1 S10 S1,7,-1,"[[1, 0, 0], [0, 1, 0], [0, 2, -1]]",000000011,
384,52,57,S4,S1 S10 S3 S4 S12 S4 S2,7,-1,"[[-1, 0, 0], [0, 1, 0], [0, 0, 1]]",100000000,
385,52,68,S5,S1 S10 S3 S5 S12 S2,6,1,"[[-1, 0, 0], [0, -1, 0], [0, -2, 1]]",100010010,"1,0,-1"
386,52,150,S9,S1 S10 S3 S9 S3 S10,6,1,"[[1, 0, 0], [0, 1, 0], [0, 0, 1]]",000000000,"0,1,-1"
387,52,102,S10,S1 S10 S3 S10 S1 S9,6,1,"[[1, 0, 0], [0, 1, 0], [0, 2, 1]]",000000010,"0,0,0"
388,52,166,S11,S1 S10 S3 S11 S7 S5 S2,7,-1,"[[-1, 2, -2], [0, 1, -2], [0, 2, -3]]",111001010,
389,52,142,S12,S1 S10 S3 S12 S5 S2,6,1,"[[-1, 0, 0], [0, -1, 0], [0, -2, 1]]",100010010,"1,0,-1"
390,53,55,S2,S3 S9 S2 S10 S1,5,-1,"[[1, 0, 0], [0, 1, 0], [2, 0, -1]]",000000101,
391,53,54,S3,S3 S9 S3 S1 S10 S1,6,1,"[[1, 0, 0], [0, 1, 0], [0, 0, 1]]",000000000,"0,1,-1"
392,53,58,S4,S3 S9 S4 S8 S4 S3,6,1,"[[1, -2, 0], [0, 1, 0], [0, -2, 1]]",010000010,"1,-2,1"
393,53,70,S5,S3 S9 S5 S9 S7 S2,6,1,"[[1, -2, 2], [2, -3, 2], [0, 0, 1]]",011101000,"0,-1,1"
394,53,101,S10,S3 S9 S10 S8 S3,5,-1,"[[1, 0, -2], [0, 1, 0], [0, 0, -1]]",001000001,
395,53,167,S11,S3 S9 S11 S2 S4 S1,6,1,"[[-1, 2, 0], [0, 1, 0], [0, 2, -1]]",110000011,"1,0,-1"
396,53,143,S12,S3 S9 S12 S5 S9 S2,6,1,"[[-1, 0, 0], [0, -1, 0], [0, 0, 1]]",100010000,"1,0,-1"
397,54,59,S4,S1 S10 S1 S4 S7 S4,6,1,"[[1, 0, 0], [0, 1, 0], [0, 0, 1]]",000000000,"0,0,0"
398,54,71,S5,S1 S10 S1 S5 S12 S8 S2,7,-1,"[[-1, 0, 0], [0, -1, 0], [0, 0, -1]]",100010001,
399,54,151,S9,S1 S10 S1 S9 S3 S9,6,1,"[[1, 0, 0], [0, 1, 0], [0, 0, 1]]",000000000,"0,-1,1"
400,54,103,S10,S1 S10 S1 S10 S1 S10,6,1,"[[1, 0, 0], [0, 1, 0], [0, 0, 1]]",000000000,"0,0,0"
401,54,164,S11,S1 S10 S1 S11 S6 S11,6,1,"[[1, 0, 0], [0, 1, 0], [0, 0, 1]]",000000000,"0,-1,1"
402,54,141,S12,S1 S10 S1 S12 S5 S8 S2,7,-1,"[[-1, 0, 0], [0, -1, 0], [0, 0, -1]]",100010001,
403,55,56,S4,S1 S10 S4 S10 S4 S1,6,1,"[[1, 0, 0], [0, 1, 0], [0, 0, 1]]",000000000,"0,0,0"
404,55,69,S5,S1 S10 S5 S10 S6 S1,6,1,"[[1, 0, 0], [2, 1, 0], [2, 0, 1]]",000100100,"-1,2,-1"
405,55,149,S9,S1 S10 S9 S8 S1,5,-1,"[[1, 2, -2], [0, 1, 0], [0, 2, -1]]",011000011,
406,56,60,S1,S1 S4 S10 S1 S2 S12 S2,7,-1,"[[-1, 0, 0], [0, -1, 0], [0, 0, -1]]",100010001,
407,56,64,S2,S1 S4 S10 S2 S11 S3,6,1,"[[-1, 0, 0], [0, 1, 0], [0, 0, -1]]",100000001,"1,-1,0"
408,56,68,S3,S1 S4 S10 S3 S12 S2,6,1,"[[-1, 0, 0], [0, 1, -2], [0, 0, -1]]",100001001,"0,-1,1"
409,56,69,S6,S1 S4 S10 S6 S10 S6 S1,7,-1,"[[1, 0, 0], [0, 1, -2], [0, 0, -1]]",000001001,
410,56,158,S9,S1 S4 S10 S9 S8 S4 S1,7,-1,"[[1, 2, -2], [0, 1, 0], [0, 2, -1]]",011000011,
411,56,156,S11,S1 S4 S10 S11 S3 S12,6,1,"[[-1, 0, 0], [0, 1, -2], [0, 0, -1]]",100001001,"1,-1,0"
412,56,132,S12,S1 S4 S10 S12 S2 S11,6,1,"[[-1, 0, 0], [0, 1, 0], [0, 0, -1]]",100000001,"0,-1,1"
413,57,61,S1,S2 S4 S12 S1 S9 S6,6,1,"[[1, 0, 0], [0, -1, 0], [0, -2, -1]]",000010011,"-2,2,0"
414,57,65,S2,S2 S4 S12 S2 S6 S11 S3,7,-1,"[[1, 0, 0], [0, 1, 0], [0, 2, -1]]",000000011,
415,57,69,S3,S2 S4 S12 S3 S10 S6 S1,7,-1,"[[-1, 0, 0], [0, -1, 2], [0, -2, 3]]",100011011,
416,57,68,S6,S2 S4 S12 S6 S12 S2,6,1,"[[1, 0, 0], [0, -1, 2], [0, -2, 3]]",000011011,"-2,1,1"
417,57,157,S9,S2 S4 S12 S9 S12 S4,6,1,"[[1, 2, -2], [0, 1, 0], [0, 0, 1]]",011000000,"-3,2,1"
418,57,108,S10,S2 S4 S12 S10 S12 S4 S1,7,-1,"[[-1, 0, 0], [0, 1, 0], [0, 0, 1]]",100000000,
419,57,159,S11,S2 S4 S12 S11 S7 S4 S2,7,-1,"[[1, -2, 2], [0, 1, 0], [0, 2, -1]]",011000011,
420,58,62,S1,S3 S4 S8 S1 S8 S5,6,1,"[[-1, -2, 0], [0, -1, 0], [0, -2, 1]]",110010010,"-1,2,-1"
421,58,67,S2,S3 S4 S8 S2 S11 S8 S1,7,-1,"[[-1, 0, 2], [0, 1, 0], [0, 0, 1]]",101000000,
422,58,71,S3,S3 S4 S8 S3 S12 S8 S2,7,-1,"[[-1, -2, 4], [0, -1, 2], [0, -2, 3]]",110011011,
423,58,70,S6,S3 S4 S8 S6 S9 S7 S2,7,-1,"[[1, -4, 2], [0, -1, 0], [0, -2, 1]]",001010010,
424,58,156,S9,S3 S4 S8 S9 S3 S12,6,1,"[[1, 2, -4], [0, 1, -2], [0, 2, -3]]",010001010,"0,1,-1"
425,58,109,S10,S3 S4 S8 S10 S11 S4 S1,7,-1,"[[1, 2, 0], [0, 1, 0], [2, 2, -1]]",010000111,
426,58,158,S11,S3 S4 S8 S11 S8 S4 S1,7,-1,"[[-1, 0, 2], [0, 1, 0], [0, 0, 1]]",101000000,
427,58,134,S12,S3 S4 S8 S12 S8 S4 S2,7,-1,"[[-1, 2, 0], [0, 1, 0], [0, 0, 1]]",110000000,
428,59,63,S1,S4 S7 S1 S10 S7 S1,6,1,"[[1, 0, 0], [0, 1, 0], [0, 0, 1]]",000000000,"0,0,0"
429,59,66,S2,S4 S7 S2 S7 S5 S3,6,1,"[[-1, 0, 2], [0, 1, -2], [0, 0, -1]]",101001001,"-2,1,1"
430,59,70,S3,S4 S7 S3 S9 S7 S2,6,1,"[[1, -2, 2], [0, 1, 0], [0, 0, 1]]",011000000,"1,-1,0"
431,59,71,S6,S4 S7 S6 S12 S8 S2,6,1,"[[-1, 0, 0], [0, 1, -2], [0, 0, -1]]",100001001,"1,0,-1"
432,59,159,S9,S4 S7 S9 S7 S4 S2,6,1,"[[1, -2, 2], [0, 1, 0], [0, 0, 1]]",011000000,"1,0,-1"
433,59,110,S10,S4 S7 S10 S7 S4 S1,6,1,"[[1, 0, 0], [0, 1, 0], [0, 0, 1]]",000000000,"0,0,0"
434,59,157,S11,S4 S7 S11 S12 S4,5,-1,"[[1, 2, -2], [0, 1, 0], [0, 2, -1]]",011000011,
435,59,133,S12,S4 S7 S12 S11 S4,5,-1,"[[-1, 0, 0], [0, 1, 0], [-2, 0, 1]]",100000100,
436,60,64,S3,S2 S12 S2 S3 S11 S3,6,1,"[[1, 0, 0], [0, 1, 0], [0, 0, 1]]",000000000,"-1,0,1"
437,60,63,S4,S2 S12 S2 S4 S10 S7 S1,7,-1,"[[-1, 0, 0], [0, -1, 0], [0, 0, -1]]",100010001,
438,60,62,S5,S2 S12 S2 S5 S8 S5,6,1,"[[1, 0, 0], [0, 1, 0], [0, 0, 1]]",000000000,"0,0,0"
439,60,61,S6,S2 S12 S2 S6 S9 S6,6,1,"[[1, 0, 0], [0, 1, 0], [0, 0, 1]]",000000000,"-1,0,1"
440,60,147,S9,S2 S12 S2 S9 S6 S9,6,1,"[[1, 0, 0], [0, 1, 0], [0, 0, 1]]",000000000,"-1,0,1"
441,60,107,S10,S2 S12 S2 S10 S4 S7 S1,7,-1,"[[-1, 0, 0], [0, -1, 0], [0, 0, -1]]",100010001,
442,60,160,S11,S2 S12 S2 S11 S3 S11,6,1,"[[1, 0, 0], [0, 1, 0], [0, 0, 1]]",000000000,"-1,0,1"
443,60,136,S12,S2 S12 S2 S12 S2 S12,6,1,"[[1, 0, 0], [0, 1, 0], [0, 0, 1]]",000000000,"0,0,0"
444,61,69,S2,S6 S9 S2 S10 S6 S1,6,1,"[[-1, 0, 0], [-2, -1, 0], [0, 0, 1]]",100110000,"-1,2,-1"
445,61,65,S3,S6 S9 S3 S6 S11 S3,6,1,"[[1, 0, 0], [0, 1, 0], [0, 0, 1]]",000000000,"0,0,0"
446,61,62,S4,S6 S9 S4 S8 S5,5,-1,"[[1, 0, 0], [0, 1, 0], [0, 0, -1]]",000000001,
447,61,63,S5,S6 S9 S5 S10 S7 S1,6,1,"[[-1, 0, 0], [0, -1, 0], [-2, 0, 1]]",100010100,"-1,1,0"
448,61,105,S10,S6 S9 S10 S8 S6,5,-1,"[[1, -2, 0], [0, -1, 0], [0, 0, 1]]",010010000,
449,61,163,S11,S6 S9 S11 S2 S5 S1,6,1,"[[1, 0, -2], [0, -1, 0], [0, 0, -1]]",001010001,"0,1,-1"
450,61,139,S12,S6 S9 S12 S10 S7 S3,6,1,"[[1, -2, 0], [0, -1, 0], [2, -2, -1]]",010010111,"-1,0,1"
451,62,71,S2,S5 S8 S2 S12 S8 S2,6,1,"[[1, 0, 0], [0, 1, 0], [0, 0, 1]]",000000000,"0,0,0"
452,62,67,S3,S5 S8 S3 S11 S8 S1,6,1,"[[1, 2, -2], [0, 1, 0], [0, 0, 1]]",011000000,"-1,1,0"
453,62,63,S6,S5 S8 S6 S10 S7 S1,6,1,"[[-1, 0, 0], [0, -1, 0], [0, -2, 1]]",100010010,"0,1,-1"
454,62,146,S9,S5 S8 S9 S10 S5,5,-1,"[[1, -2, 2], [0, -1, 2], [0, 0, 1]]",011011000,
455,62,106,S10,S5 S8 S10 S9 S5,5,-1,"[[-1, 0, 0], [-2, 1, 0], [0, 0, 1]]",100100000,
456,62,162,S11,S5 S8 S11 S8 S5 S1,6,1,"[[1, 2, -2], [0, 1, 0], [0, 0, 1]]",011000000,"0,1,-1"
457,62,138,S12,S5 S8 S12 S8 S5 S2,6,1,"[[1, 0, 0], [0, 1, 0], [0, 0, 1]]",000000000,"0,0,0"
458,63,70,S2,S1 S7 S10 S2 S9 S7 S2,7,-1,"[[1, -2, 2], [2, -3, 2], [2, -4, 3]]",011101101,
459,63,66,S3,S1 S7 S10 S3 S7 S5 S3,7,-1,"[[-1, 0, 2], [0, -1, 2], [0, -2, 3]]",101011011,
460,63,145,S9,S1 S7 S10 S9 S6 S8,6,1,"[[-1, 0, 0], [0, -1, 0], [0, -2, 1]]",100010010,"1,-1,0"
461,63,161,S11,S1 S7 S10 S11 S8 S12 S1,7,-1,"[[1, 2, -2], [0, 1, 0], [0, 2, -1]]",011000011,
462,63,137,S12,S1 S7 S10 S12 S9 S6 S2,7,-1,"[[-1, 0, 0], [0, -1, 0], [-2, 0, -1]]",100010101,
463,64,68,S1,S3 S11 S1 S12 S2,5,-1,"[[1, 0, 0], [2, -1, 0], [0, 0, 1]]",000110000,
464,64,67,S4,S3 S11 S4 S11 S8 S1,6,1,"[[1, 2, -2], [0, 1, 0], [2, 2, -3]]",011000110,"-1,0,1"
465,64,66,S5,S3 S11 S5 S7 S5 S3,6,1,"[[1, 0, -2], [0, 1, -2], [0, 0, 1]]",001001000,"-2,1,1"
466,64,167,S9,S3 S11 S9 S2 S4 S1,6,1,"[[-1, 2, 0], [0, 1, 0], [0, 2, -1]]",110000011,"1,0,-1"
467,64,115,S10,S3 S11 S10 S4 S11 S1,6,1,"[[-1, 0, 0], [0, 1, 0], [0, 0, -1]]",100000001,"0,1,-1"
468,64,128,S12,S3 S11 S12 S7 S3,5,-1,"[[1, -2, 0], [0, -1, 0], [0, 0, 1]]",010010000,
469,65,69,S1,S3 S11 S6 S1 S10 S6 S1,7,-1,"[[-1, 0, 0], [0, 1, 0], [0, 0, 1]]",100000000,
470,65,66,S4,S3 S11 S6 S4 S7 S5 S3,7,-1,"[[1, 0, -2], [0, 1, -2], [0, 0, -1]]",001001001,
471,65,67,S5,S3 S11 S6 S5 S11 S8 S1,7,-1,"[[1, 2, -2], [0, 1, 0], [0, 2, -1]]",011000011,
472,65,164,S9,S3 S11 S6 S9 S6 S11,6,1,"[[1, 0, 0], [0, 1, 0], [0, 0, 1]]",000000000,"0,0,0"
473,65,113,S10,S3 S11 S6 S10 S6 S11 S1,7,-1,"[[-1, 0, 0], [0, 1, 0], [0, 0, 1]]",100000000,
474,65,151,S11,S3 S11 S6 S11 S3 S9,6,1,"[[1, 0, 0], [0, 1, 0], [0, 0, 1]]",000000000,"0,0,0"
475,65,131,S12,S3 S11 S6 S12 S4 S7 S3,7,-1,"[[1, -2, 0], [0, -1, 0], [0, -2, 1]]",010010010,
476,66,70,S1,S3 S5 S7 S1 S9 S7 S2,7,-1,"[[-1, 2, 0], [0, 1, 0], [0, 0, 1]]",110000000,
477,66,67,S6,S3 S5 S7 S6 S11 S8 S1,7,-1,"[[1, 2, -4], [0, 1, -2], [0, 0, -1]]",010001001,
478,66,166,S9,S3 S5 S7 S9 S7 S5 S2,7,-1,"[[-1, 2, 0], [0, 1, 0], [0, 0, 1]]",110000000,
479,66,114,S10,S3 S5 S7 S10 S7 S5 S1,7,-1,"[[-1, 0, 2], [0, 1, 0], [0, 0, 1]]",101000000,
480,66,150,S11,S3 S5 S7 S11 S3 S10,6,1,"[[1, -4, 2], [0, -3, 2], [0, -2, 1]]",001001010,"1,0,-1"
481,66,130,S12,S3 S5 S7 S12 S9 S5 S2,7,-1,"[[1, 0, 2], [2, -1, 2], [0, 0, 1]]",001111000,
482,67,71,S1,S1 S8 S11 S1 S12 S8 S2,7,-1,"[[1, -2, 2], [2, -1, 0], [2, -2, 1]]",011110110,
483,67,165,S9,S1 S8 S11 S9 S11 S10 S1,7,-1,"[[1, 2, -2], [0, 1, 0], [0, 2, -1]]",011000011,
484,67,112,S10,S1 S8 S11 S10 S11 S1,6,1,"[[3, 2, -2], [0, 1, 0], [2, 2, -1]]",111000111,"1,1,-2"
485,67,129,S12,S1 S8 S11 S12 S7 S8 S1,7,-1,"[[1, -2, 0], [0, -1, 0], [0, -2, 1]]",010010010,
486,68,154,S9,S2 S12 S9 S7 S9 S2,6,1,"[[1, 0, 2], [0, 1, 2], [0, 0, 1]]",001001000,"1,1,-2"
487,68,99,S10,S2 S12 S10 S12 S6 S1,6,1,"[[-1, 0, 0], [-2, -1, 0], [-2, -2, 1]]",100110110,"1,0,-1"
488,68,152,S11,S2 S12 S11 S7 S2,5,-1,"[[1, -2, 2], [0, -1, 2], [0, 0, 1]]",011011000,
489,69,153,S9,S1 S6 S10 S9 S6 S7,6,1,"[[-1, 0, 0], [0, -1, 2], [0, 0, 1]]",100011000,"0,-1,1"
490,69,155,S11,S1 S6 S10 S11 S7 S10 S2,7,-1,"[[1, -2, 2], [0, 1, -2], [0, 0, -1]]",011001001,
491,69,127,S12,S1 S6 S10 S12 S10 S2,6,1,"[[-1, 0, 0], [2, -1, 0], [2, -2, 1]]",100110110,"2,-3,1"
492,70,97,S10,S2 S7 S9 S10 S7 S6 S1,7,-1,"[[1, 2, -2], [0, 1, -2], [0, 0, -1]]",011001001,
493,70,154,S11,S2 S7 S9 S11 S7 S9 S2,7,-1,"[[1, -2, 0], [0, -1, 0], [0, 0, 1]]",010010000,
494,70,126,S12,S2 S7 S9 S12 S9 S2,6,1,"[[3, -2, 2], [2, -1, 2], [0, 0, 1]]",111111000,"1,1,-2"
495,71,155,S9,S2 S8 S12 S9 S7 S10 S2,7,-1,"[[1, -2, 2], [0, -1, 2], [0, 0, 1]]",011011000,
496,71,98,S10,S2 S8 S12 S10 S11 S6 S1,7,-1,"[[-1, 0, 0], [-2, -1, 0], [0, 0, -1]]",100110001,
497,71,153,S11,S2 S8 S12 S11 S6 S7,6,1,"[[-1, 0, 0], [0, 1, -2], [0, 0, -1]]",100001001,"-1,1,0"
498,72,96,S1,S3 S6 S1 S6 S1,5,-1,"[[-1, 0, 0], [0, 1, 0], [0, 0, 1]]",100000000,
499,72,120,S2,S3 S6 S2 S6 S2,5,-1,"[[-1, 0, 0], [0, 1, 0], [0, 0, 1]]",100000000,
500,72,144,S3,S3 S6 S3 S6,4,1,"[[1, 0, 0], [0, 1, 0], [0, 0, 1]]",000000000,"0,0,0"
501,72,73,S7,S3 S6 S7 S8 S7,5,-1,"[[-1, 0, 0], [0, 1, 0], [0, 0, 1]]",100000000,
502,72,81,S8,S3 S6 S8 S7 S8,5,-1,"[[-1, 0, 0], [0, 1, 0], [0, 0, 1]]",100000000,
503,72,93,S10,S3 S6 S10 S12 S10,5,-1,"[[-1, 0, 0], [-2, 1, 0], [-2, 0, 1]]",100100100,
504,72,75,S12,S3 S6 S12 S10 S12,5,-1,"[[-1, 0, 0], [-2, 1, 0], [-2, 0, 1]]",100100100,
505,73,97,S1,S7 S8 S1 S7 S6 S1,6,1,"[[1, 0, 0], [0, 1, 0], [0, 0, 1]]",000000000,"1,0,-1"
506,73,121,S2,S7 S8 S2 S7 S6,5,-1,"[[-1, 0, 2], [0, 1, 0], [0, 0, 1]]",101000000,
507,73,145,S3,S7 S8 S3 S6 S8,5,-1,"[[-1, 0, 0], [0, 1, 0], [0, 0, 1]]",100000000,
508,73,149,S6,S7 S8 S6 S8 S1,5,-1,"[[-1, -2, 2], [0, 1, 0], [0, 0, 1]]",111000000,
509,73,87,S9,S7 S8 S9 S10 S7,5,-1,"[[1, 0, 0], [0, -1, 0], [0, -2, 1]]",000010010,
510,73,94,S10,S7 S8 S10 S9 S7,5,-1,"[[1, 0, 0], [0, 1, -2], [0, 0, -1]]",000001001,
511,73,75,S11,S7 S8 S11 S10 S12,5,-1,"[[1, 0, 0], [-2, 1, 0], [-2, 2, -1]]",000100111,
512,73,74,S12,S7 S8 S12 S11 S6 S3,6,1,"[[-1, 0, 0], [0, 1, 0], [0, 0, -1]]",100000001,"0,-1,1"
513,74,99,S1,S3 S6 S11 S1 S12 S6 S1,7,-1,"[[-1, 0, 0], [0, 1, 0], [-2, -2, 1]]",100000110,
514,74,122,S2,S3 S6 S11 S2 S10 S5 S2,7,-1,"[[-1, 0, 0], [0, -1, 2], [0, 0, -1]]",100011001,
515,74,147,S3,S3 S6 S11 S3 S6 S9,6,1,"[[1, 0, 0], [0, 1, 0], [0, 0, 1]]",000000000,"0,0,0"
516,74,151,S6,S3 S6 S11 S6 S3 S9,6,1,"[[1, 0, 0], [0, 1, 0], [0, 0, 1]]",000000000,"0,0,0"
517,74,75,S7,S3 S6 S11 S7 S10 S12,6,1,"[[-1, 0, 0], [-2, 1, 0], [0, 0, -1]]",100100001,"1,0,-1"
518,74,83,S8,S3 S6 S11 S8 S7 S10,6,1,"[[-1, 0, 0], [0, 1, 0], [0, 0, -1]]",100000001,"1,0,-1"
519,74,86,S9,S3 S6 S11 S9 S1 S4 S1,7,-1,"[[-1, 0, 0], [0, -1, 0], [0, 0, -1]]",100010001,
520,74,95,S10,S3 S6 S11 S10 S12 S8,6,1,"[[-1, 0, 0], [-2, 1, 0], [0, 0, -1]]",100100001,"0,1,-1"
521,75,98,S1,S12 S10 S1 S11 S6 S1,6,1,"[[1, 0, 0], [2, 1, 0], [0, 0, 1]]",000100000,"-1,1,0"
522,75,123,S2,S12 S10 S2 S6 S9 S2,6,1,"[[1, 0, 0], [2, 1, 0], [2, 0, 1]]",000100100,"-1,1,0"
523,75,146,S3,S12 S10 S3 S10 S5,5,-1,"[[-1, 2, -2], [-2, 3, -2], [-2, 2, -1]]",111111111,
524,75,150,S6,S12 S10 S6 S3 S10,5,-1,"[[-1, 0, 0], [-2, 1, 0], [-2, 0, 1]]",100100100,
525,75,82,S8,S12 S10 S8 S7 S9,5,-1,"[[1, 0, 0], [2, 1, 0], [2, 0, -1]]",000100101,
526,75,85,S9,S12 S10 S9 S8 S12,5,-1,"[[1, 0, 0], [2, -1, 0], [2, -2, 1]]",000110110,
527,77,101,S1,S8 S1 S8 S3,4,1,"[[1, 0, -2], [0, 1, 0], [0, 0, 1]]",001000000,"-2,1,1"
528,77,125,S2,S8 S2 S8 S2,4,1,"[[1, 0, 0], [0, 1, 0], [0, 0, 1]]",000000000,"0,0,0"
529,77,149,S3,S8 S3 S8 S1,4,1,"[[1, 2, -2], [0, 1, 0], [0, 0, 1]]",011000000,"-2,1,1"
530,77,79,S9,S8 S9 S10,3,-1,"[[1, 0, 0], [0, 1, 0], [0, 2, -1]]",000000011,
531,77,78,S10,S8 S10 S9,3,-1,"[[1, 0, 0], [0, 1, 0], [0, 0, -1]]",000000001,
532,78,127,S2,S9 S2 S10 S2,4,1,"[[1, 0, 0], [0, 1, 0], [2, -2, 1]]",000000110,"2,-1,-1"
533,78,79,S8,S9 S8 S10,3,-1,"[[1, 0, 0], [0, 1, 0], [2, 0, -1]]",000000101,
534,78,94,S12,S9 S12 S9 S7,4,1,"[[1, 0, 0], [2, 1, -2], [0, 0, 1]]",000101000,"1,1,-2"
535,79,126,S2,S10 S2 S9 S2,4,1,"[[1, 0, 0], [0, 1, 0], [2, 0, 1]]",000000100,"2,-1,-1"
536,79,146,S6,S10 S6 S10 S5,4,1,"[[1, -2, 2], [0, -1, 2], [0, -2, 3]]",011011011,"1,-2,1"
537,80,104,S1,S7 S1 S7 S1,4,1,"[[1, 0, 0], [0, 1, 0], [0, 0, 1]]",000000000,"0,0,0"
538,80,128,S2,S7 S2 S7 S3,4,1,"[[1, -2, 0], [0, 1, 0], [0, 0, 1]]",010000000,"1,-2,1"
539,80,152,S3,S7 S3 S7 S2,4,1,"[[1, -2, 2], [0, 1, 0], [0, 0, 1]]",011000000,"1,-2,1"
540,80,92,S11,S7 S11 S12,3,-1,"[[1, 0, 0], [0, -1, 2], [0, 0, 1]]",000011000,
541,80,88,S12,S7 S12 S11,3,-1,"[[1, 0, 0], [0, -1, 0], [0, 0, 1]]",000010000,
542,81,105,S1,S8 S7 S1 S8 S6,5,-1,"[[-1, 2, 0], [0, 1, 0], [0, 0, 1]]",110000000,
543,81,129,S2,S8 S7 S2 S7 S8 S1,6,1,"[[1, 0, -2], [0, 1, 0], [0, 0, 1]]",001000000,"-3,3,0"
544,81,153,S3,S8 S7 S3 S6 S7,5,-1,"[[-1, 0, 0], [0, 1, 0], [0, 0, 1]]",100000000,
545,81,152,S6,S8 S7 S6 S7 S2,5,-1,"[[-1, 2, -2], [0, 1, 0], [0, 0, 1]]",111000000,
546,81,93,S9,S8 S7 S9 S12 S10,5,-1,"[[1, 0, 0], [-2, -1, 2], [-2, 0, 1]]",000111100,
547,81,84,S10,S8 S7 S10 S9 S6 S3,6,1,"[[-1, 0, 0], [0, -1, 0], [0, 0, 1]]",100010000,"-1,0,1"
548,81,95,S11,S8 S7 S11 S12 S8,5,-1,"[[1, 0, 0], [0, 1, -2], [0, 0, -1]]",000001001,
549,81,91,S12,S8 S7 S12 S11 S8,5,-1,"[[1, 0, 0], [0, -1, 0], [0, -2, 1]]",000010010,
550,82,106,S1,S9 S7 S1 S9 S5,5,-1,"[[1, 0, 0], [2, -1, 0], [0, 0, 1]]",000110000,
551,82,131,S2,S9 S7 S2 S4 S7 S3,6,1,"[[1, -2, 0], [0, 1, 0], [0, -2, 1]]",010000010,"-1,1,0"
552,82,155,S3,S9 S7 S3 S7 S10 S2,6,1,"[[-1, 2, -2], [0, 1, 0], [0, 0, -1]]",111000001,"1,1,-2"
553,82,154,S6,S9 S7 S6 S7 S9 S2,6,1,"[[1, 0, 2], [0, 1, 0], [0, 0, 1]]",001000000,"1,2,-3"
554,82,92,S9,S9 S7 S9 S12,4,1,"[[1, 0, 0], [0, 1, -2], [0, 0, 1]]",000001000,"1,1,-2"
555,82,85,S10,S9 S7 S10 S8 S12,5,-1,"[[1, 0, 0], [0, 1, 0], [0, 0, -1]]",000000001,
556,82,94,S11,S9 S7 S11 S9 S7,5,-1,"[[1, 0, 0], [0, -1, 0], [0, 0, 1]]",000010000,
557,82,90,S12,S9 S7 S12 S11 S9,5,-1,"[[1, 0, 0], [0, -1, 0], [0, 0, 1]]",000010000,
558,83,107,S1,S10 S7 S1 S4 S7 S1,6,1,"[[1, 0, 0], [0, 1, 0], [0, 0, 1]]",000000000,"0,0,0"
559,83,130,S2,S10 S7 S2 S9 S5 S2,6,1,"[[1, 0, 0], [-2, 1, 0], [0, 0, 1]]",000100000,"-1,0,1"
560,83,154,S3,S10 S7 S3 S7 S9 S2,6,1,"[[-1, 0, -2], [0, 1, 0], [0, 0, -1]]",101000001,"1,1,-2"
561,83,155,S6,S10 S7 S6 S7 S10 S2,6,1,"[[1, -2, 2], [0, 1, 0], [0, 0, 1]]",011000000,"1,0,-1"
562,83,95,S9,S10 S7 S9 S12 S8,5,-1,"[[1, 0, 0], [0, -1, 2], [0, 0, 1]]",000011000,
563,83,86,S10,S10 S7 S10 S1 S4 S1,6,1,"[[1, 0, 0], [0, 1, 0], [0, 0, 1]]",000000000,"0,0,0"
564,83,93,S11,S10 S7 S11 S12 S10,5,-1,"[[1, 0, 0], [2, 1, -2], [2, 0, -1]]",000101101,
565,83,89,S12,S10 S7 S12 S11 S10,5,-1,"[[1, 0, 0], [0, -1, 0], [0, -2, 1]]",000010010,
566,84,108,S1,S3 S6 S9 S1 S12 S4 S1,7,-1,"[[-1, 0, 0], [0, -1, 0], [0, 2, -1]]",100010011,
567,84,140,S2,S3 S6 S9 S2 S12 S10 S1,7,-1,"[[1, 0, 0], [0, 1, 0], [2, 0, -1]]",000000101,
568,84,164,S3,S3 S6 S9 S3 S6 S11,6,1,"[[1, 0, 0], [0, 1, 0], [0, 0, 1]]",000000000,"0,0,0"
569,84,160,S6,S3 S6 S9 S6 S3 S11,6,1,"[[1, 0, 0], [0, 1, 0], [0, 0, 1]]",000000000,"0,0,0"
570,84,85,S7,S3 S6 S9 S7 S8 S12,6,1,"[[-1, 0, 0], [0, -1, 0], [0, 0, 1]]",100010000,"0,1,-1"
571,84,93,S8,S3 S6 S9 S8 S12 S10,6,1,"[[-1, 0, 0], [0, -1, 0], [-2, 0, 1]]",100010100,"0,1,-1"
572,84,86,S11,S3 S6 S9 S11 S1 S4 S1,7,-1,"[[-1, 0, 0], [0, -1, 0], [0, 0, -1]]",100010001,
573,84,87,S12,S3 S6 S9 S12 S10 S7,6,1,"[[-1, 0, 0], [0, -1, 0], [-2, 0, 1]]",100010100,"1,0,-1"
574,85,109,S1,S12 S8 S1 S11 S4 S1,6,1,"[[1, 0, 0], [0, 1, 0], [-2, 0, 1]]",000000100,"0,-1,1"
575,85,141,S2,S12 S8 S2 S5 S8 S2,6,1,"[[1, 0, 0], [0, 1, 0], [0, 0, 1]]",000000000,"0,0,0"
576,85,165,S3,S12 S8 S3 S11 S10 S1,6,1,"[[-1, 0, 0], [0, -1, 0], [0, -2, 1]]",100010010,"0,0,0"
577,85,161,S6,S12 S8 S6 S8 S12 S1,6,1,"[[1, 2, -2], [0, 1, 0], [0, 0, 1]]",011000000,"0,1,-1"
578,85,87,S11,S12 S8 S11 S10 S7,5,-1,"[[1, 0, 0], [0, 1, 0], [0, 2, -1]]",000000011,
579,85,86,S12,S12 S8 S12 S1 S4 S1,6,1,"[[1, 0, 0], [0, 1, 0], [0, 0, 1]]",000000000,"-1,1,0"
580,86,142,S2,S1 S4 S1 S2 S5 S2,6,1,"[[1, 0, 0], [0, 1, 0], [0, 0, 1]]",000000000,"1,-1,0"
581,86,167,S3,S1 S4 S1 S3 S2 S4 S1,7,-1,"[[1, -2, 0], [0, -1, 0], [0, -2, 1]]",010010010,
582,86,163,S6,S1 S4 S1 S6 S2 S5 S1,7,-1,"[[-1, 0, 2], [0, 1, 0], [0, 0, 1]]",101000000,
583,86,87,S7,S1 S4 S1 S7 S10 S7,6,1,"[[1, 0, 0], [0, 1, 0], [0, 0, 1]]",000000000,"0,0,0"
584,86,95,S8,S1 S4 S1 S8 S12 S8,6,1,"[[1, 0, 0], [0, 1, 0], [0, 0, 1]]",000000000,"1,-1,0"
585,87,110,S1,S7 S10 S1 S7 S4 S1,6,1,"[[1, 0, 0], [0, 1, 0], [0, 0, 1]]",000000000,"0,0,0"
586,87,143,S2,S7 S10 S2 S5 S9 S2,6,1,"[[1, 0, 0], [0, 1, 0], [2, 0, 1]]",000000100,"1,0,-1"
587,87,166,S3,S7 S10 S3 S7 S5 S2,6,1,"[[1, -2, 2], [0, -1, 2], [0, -2, 3]]",011011011,"0,1,-1"
588,87,162,S6,S7 S10 S6 S8 S5 S1,6,1,"[[-1, -2, 2], [0, -1, 0], [0, -2, 1]]",111010010,"0,1,-1"
589,87,94,S8,S7 S10 S8 S9 S7,5,-1,"[[1, 0, 0], [2, 1, -2], [2, 0, -1]]",000101101,
590,88,116,S1,S11 S1 S12 S1,4,1,"[[1, 0, 0], [2, 1, -2], [0, 0, 1]]",000101000,"-1,2,-1"
591,88,92,S7,S11 S7 S12,3,-1,"[[1, 0, 0], [2, -1, 0], [0, 0, 1]]",000110000,
592,88,89,S8,S11 S8 S11 S10,4,1,"[[1, 0, 0], [0, 1, 0], [0, -2, 1]]",000000010,"1,1,-2"
593,88,90,S9,S11 S9 S11 S9,4,1,"[[1, 0, 0], [0, 1, 0], [0, 0, 1]]",000000000,"0,0,0"
594,88,91,S10,S11 S10 S11 S8,4,1,"[[1, 0, 0], [0, 1, 0], [2, -2, 1]]",000000110,"1,1,-2"
595,89,117,S1,S10 S11 S1 S5 S8 S3,6,1,"[[1, 0, -2], [0, 1, -2], [0, 2, -3]]",001001010,"0,-2,2"
596,89,133,S2,S10 S11 S2 S11 S4,5,-1,"[[1, 0, 0], [0, 1, 0], [2, 2, -1]]",000000111,
597,89,161,S3,S10 S11 S3 S8 S12 S1,6,1,"[[-1, -2, 2], [0, -1, 0], [0, -2, 1]]",111010010,"0,0,0"
598,89,165,S6,S10 S11 S6 S11 S10 S1,6,1,"[[1, 0, 0], [0, 1, 0], [0, 0, 1]]",000000000,"0,-1,1"
599,89,93,S7,S10 S11 S7 S12 S10,5,-1,"[[1, 0, 0], [2, -1, 0], [2, -2, 1]]",000110110,
600,89,91,S9,S10 S11 S9 S11 S8,5,-1,"[[1, 0, 0], [0, 1, 0], [0, 2, -1]]",000000011,
601,89,90,S10,S10 S11 S10 S11 S9,5,-1,"[[1, 0, 0], [0, 1, 0], [0, 2, -1]]",000000011,
602,90,118,S1,S9 S11 S1 S5 S1,5,-1,"[[1, 0, 0], [0, -1, 2], [0, 0, 1]]",000011000,
603,90,135,S2,S9 S11 S2 S4 S2,5,-1,"[[1, 0, 0], [0, 1, 0], [0, 2, -1]]",000000011,
604,90,163,S3,S9 S11 S3 S2 S5 S1,6,1,"[[1, 0, -2], [0, -1, 0], [0, 0, -1]]",001010001,"0,1,-1"
605,90,167,S6,S9 S11 S6 S2 S4 S1,6,1,"[[-1, 2, 0], [0, 1, 0], [0, 2, -1]]",110000011,"1,0,-1"
606,90,94,S7,S9 S11 S7 S9 S7,5,-1,"[[1, 0, 0], [0, -1, 2], [0, 0, 1]]",000011000,
607,90,91,S8,S9 S11 S8 S11 S8,5,-1,"[[1, 0, 0], [0, 1, 0], [0, 2, -1]]",000000011,
608,91,119,S1,S8 S11 S1 S12 S8 S3,6,1,"[[1, 0, -2], [2, -1, -2], [2, -2, -1]]",001111111,"-1,-1,2"
609,91,134,S2,S8 S11 S2 S8 S4 S2,6,1,"[[1, 0, 0], [0, 1, 0], [0, 0, 1]]",000000000,"0,-1,1"
610,91,162,S3,S8 S11 S3 S8 S5 S1,6,1,"[[1, 2, -2], [0, 1, 0], [0, 0, 1]]",011000000,"-1,1,0"
611,91,166,S6,S8 S11 S6 S7 S5 S2,6,1,"[[-1, 2, -2], [0, 1, -2], [0, 0, -1]]",111001001,"-1,1,0"
612,91,95,S7,S8 S11 S7 S12 S8,5,-1,"[[1, 0, 0], [2, -1, 0], [2, -2, 1]]",000110110,
613,92,112,S1,S12 S1 S11 S1,4,1,"[[1, 0, 0], [2, 1, 0], [0, 0, 1]]",000100000,"-1,2,-1"
614,92,157,S6,S12 S6 S12 S4,4,1,"[[1, 2, -2], [0, 3, -2], [0, 2, -1]]",011011011,"-2,1,1"
615,93,113,S1,S10 S12 S1 S6 S11 S1,6,1,"[[1, 0, 0], [2, 1, 0], [2, 0, 1]]",000100100,"1,-1,0"
616,93,137,S2,S10 S12 S2 S9 S6 S2,6,1,"[[1, 0, 0], [0, 1, 0], [2, 0, 1]]",000000100,"1,-1,0"
617,93,157,S3,S10 S12 S3 S12 S4,5,-1,"[[-1, -2, 2], [-2, -1, 2], [-2, -2, 3]]",111111111,
618,93,156,S6,S10 S12 S6 S3 S12,5,-1,"[[-1, 0, 0], [-2, 1, 0], [-2, 0, 1]]",100100100,
619,94,114,S1,S7 S9 S1 S7 S5 S1,6,1,"[[1, 0, 0], [0, 1, 0], [0, 0, 1]]",000000000,"-1,0,1"
620,94,139,S2,S7 S9 S2 S10 S7 S3,6,1,"[[1, -2, 0], [2, -1, -2], [2, -2, -1]]",010111111,"-1,-1,2"
621,94,159,S3,S7 S9 S3 S7 S4 S2,6,1,"[[1, -2, 2], [0, 1, 0], [0, 0, 1]]",011000000,"1,-1,0"
622,94,158,S6,S7 S9 S6 S8 S4 S1,6,1,"[[-1, -2, 2], [0, -1, 0], [0, -2, 1]]",111010010,"1,-1,0"
623,95,115,S1,S8 S12 S1 S4 S11 S1,6,1,"[[1, 0, 0], [2, 1, 0], [0, 0, 1]]",000100000,"0,1,-1"
624,95,138,S2,S8 S12 S2 S8 S5 S2,6,1,"[[1, 0, 0], [0, 1, 0], [0, 0, 1]]",000000000,"0,0,0"
625,95,158,S3,S8 S12 S3 S8 S4 S1,6,1,"[[1, 2, -2], [0, 3, -2], [0, 2, -1]]",011011011,"1,0,-1"
626,95,159,S6,S8 S12 S6 S7 S4 S2,6,1,"[[-1, 2, -2], [0, 1, -2], [0, 0, -1]]",111001001,"1,0,-1"
627,96,144,S2,S1 S6 S2 S6,4,1,"[[1, -2, 0], [0, 1, 0], [0, 0, 1]]",010000000,"-1,-1,2"
628,96,120,S3,S1 S6 S3 S6 S2,5,-1,"[[-1, 0, 0], [0, 1, 0], [0, 0, 1]]",100000000,
629,96,118,S4,S1 S6 S4 S5 S1,5,-1,"[[1, 0, 0], [0, 1, -2], [0, 0, -1]]",000001001,
630,96,111,S5,S1 S6 S5 S4 S1,5,-1,"[[1, 0, 0], [0, -1, 0], [0, -2, 1]]",000010010,
631,96,153,S8,S1 S6 S8 S6 S7,5,-1,"[[-1, -2, 2], [0, 1, 0], [0, 0, 1]]",111000000,
632,97,145,S2,S1 S6 S7 S2 S6 S8,6,1,"[[1, -2, 0], [0, 1, 0], [0, 0, 1]]",010000000,"2,-2,0"
633,97,121,S3,S1 S6 S7 S3 S7 S6,6,1,"[[1, 0, -2], [0, 1, 0], [0, 0, 1]]",001000000,"0,-3,3"
634,97,117,S4,S1 S6 S7 S4 S5 S8 S3,7,-1,"[[1, 0, -2], [0, -1, 2], [0, 0, 1]]",001011000,
635,97,109,S5,S1 S6 S7 S5 S11 S4 S1,7,-1,"[[1, 0, 0], [0, -1, 0], [-2, 0, 1]]",000010100,
636,97,101,S6,S1 S6 S7 S6 S8 S3,6,1,"[[1, 0, -2], [0, 1, 0], [0, 0, 1]]",001000000,"-1,-2,3"
637,97,152,S8,S1 S6 S7 S8 S7 S2,6,1,"[[1, -2, 0], [0, 1, 0], [0, 0, 1]]",010000000,"2,-3,1"
638,97,99,S11,S1 S6 S7 S11 S12 S6 S1,7,-1,"[[1, 0, 0], [0, 1, 0], [0, 2, -1]]",000000011,
639,97,98,S12,S1 S6 S7 S12 S11 S6 S1,7,-1,"[[1, 0, 0], [0, 1, 0], [0, 0, -1]]",000000001,
640,98,146,S2,S1 S6 S11 S2 S10 S5,6,1,"[[1, 0, -2], [0, -1, 2], [0, 0, -1]]",001011001,"2,-2,0"
641,98,123,S3,S1 S6 S11 S3 S6 S9 S2,7,-1,"[[-1, 0, 0], [0, 1, 0], [0, 0, 1]]",100000000,
642,98,119,S4,S1 S6 S11 S4 S12 S8 S3,7,-1,"[[1, 0, -2], [-2, 1, 2], [0, 0, -1]]",001101001,
643,98,110,S5,S1 S6 S11 S5 S7 S4 S1,7,-1,"[[1, 0, 0], [0, -1, 0], [0, 0, 1]]",000010000,
644,98,103,S6,S1 S6 S11 S6 S1 S10,6,1,"[[1, 0, 0], [0, 1, 0], [0, 0, 1]]",000000000,"0,-1,1"
645,98,99,S7,S1 S6 S11 S7 S12 S6 S1,7,-1,"[[1, 0, 0], [0, 1, 0], [2, 2, -1]]",000000111,
646,98,155,S8,S1 S6 S11 S8 S7 S10 S2,7,-1,"[[1, -2, 0], [0, 1, 0], [0, 0, -1]]",010000001,
647,99,147,S2,S1 S6 S12 S2 S6 S9,6,1,"[[1, -2, 0], [0, 1, 0], [0, 0, 1]]",010000000,"0,-1,1"
648,99,122,S3,S1 S6 S12 S3 S10 S5 S2,7,-1,"[[-1, 0, 0], [0, -1, 2], [0, -2, 3]]",100011011,
649,99,116,S4,S1 S6 S12 S4 S12 S1,6,1,"[[1, 0, 0], [-2, -1, 2], [-2, -2, 3]]",000111111,"-2,1,1"
650,99,108,S5,S1 S6 S12 S5 S12 S4 S1,7,-1,"[[1, 0, 0], [0, -1, 0], [0, -2, 1]]",000010010,
651,99,102,S6,S1 S6 S12 S6 S1 S9,6,1,"[[1, 0, 0], [0, 1, 0], [0, 2, 1]]",000000010,"-1,-2,3"
652,99,154,S8,S1 S6 S12 S8 S7 S9 S2,7,-1,"[[1, -2, 0], [0, 1, 0], [0, 0, -1]]",010000001,
653,100,148,S2,S1 S2 S3,3,-1,"[[-1, 0, 2], [0, 1, 0], [0, 0, 1]]",101000000,
654,100,124,S3,S1 S3 S2,3,-1,"[[-1, 0, 0], [0, 1, 0], [0, 0, 1]]",100000000,
655,101,149,S2,S3 S8 S2 S8 S1,5,-1,"[[-1, 0, 2], [0, 1, 0], [0, 0, 1]]",101000000,
656,101,125,S3,S3 S8 S3 S8 S2,5,-1,"[[-1, 0, 2], [0, 1, 0], [0, 0, 1]]",101000000,
657,101,109,S4,S3 S8 S4 S11 S4 S1,6,1,"[[-3, 0, 2], [0, 1, 0], [-2, 0, 1]]",001000100,"1,-1,0"
658,101,105,S7,S3 S8 S7 S8 S6,5,-1,"[[-1, 2, 2], [0, 1, 0], [0, 0, 1]]",111000000,
659,101,115,S11,S3 S8 S11 S4 S11 S1,6,1,"[[-3, 0, 2], [0, 1, 0], [-2, 0, 1]]",001000100,"1,2,-3"
660,102,151,S2,S9 S1 S2 S3 S9,5,-1,"[[1, 0, -2], [0, 1, 0], [0, 0, -1]]",001000001,
661,102,127,S3,S9 S1 S3 S10 S2,5,-1,"[[-1, 0, 0], [0, 1, 0], [0, -2, 1]]",100000010,
662,102,108,S4,S9 S1 S4 S12 S4 S1,6,1,"[[1, 0, 0], [0, 1, 0], [0, -2, 1]]",000000010,"1,0,-1"
663,102,116,S5,S9 S1 S5 S12 S1,5,-1,"[[1, 0, 0], [0, -1, 0], [0, 0, 1]]",000010000,
664,102,106,S7,S9 S1 S7 S9 S5,5,-1,"[[1, 0, 0], [2, -1, 0], [0, 0, 1]]",000110000,
665,102,150,S8,S9 S1 S8 S3 S10,5,-1,"[[-1, -2, 2], [0, 1, 0], [0, -2, 1]]",111000010,
666,102,114,S11,S9 S1 S11 S7 S5 S1,6,1,"[[1, 0, 0], [0, 1, -2], [0, 0, 1]]",000001000,"-1,3,-2"
667,102,118,S12,S9 S1 S12 S5 S1,5,-1,"[[1, 0, 0], [0, -1, 0], [0, 0, 1]]",000010000,
668,103,150,S2,S10 S1 S2 S3 S10,5,-1,"[[1, 2, -2], [0, 1, 0], [0, 2, -1]]",011000011,
669,103,126,S3,S10 S1 S3 S9 S2,5,-1,"[[-1, 0, 0], [0, 1, 0], [0, 0, 1]]",100000000,
670,103,110,S4,S10 S1 S4 S7 S4 S1,6,1,"[[1, 0, 0], [0, 1, 0], [0, 0, 1]]",000000000,"0,0,0"
671,103,119,S5,S10 S1 S5 S12 S8 S3,6,1,"[[1, 0, -2], [0, -1, 0], [0, 0, -1]]",001010001,"-1,0,1"
672,103,107,S7,S10 S1 S7 S4 S7 S1,6,1,"[[1, 0, 0], [0, 1, 0], [0, 0, 1]]",000000000,"0,0,0"
673,103,151,S8,S10 S1 S8 S3 S9,5,-1,"[[-1, 0, 2], [0, 1, 0], [0, 0, 1]]",101000000,
674,103,113,S11,S10 S1 S11 S6 S11 S1,6,1,"[[1, 0, 0], [0, 1, 0], [0, 0, 1]]",000000000,"0,1,-1"
675,103,117,S12,S10 S1 S12 S5 S8 S3,6,1,"[[1, 0, -2], [0, -1, 0], [0, 0, -1]]",001010001,"-1,0,1"
676,104,152,S2,S1 S7 S2 S7 S2,5,-1,"[[-1, 2, 0], [0, 1, 0], [0, 0, 1]]",110000000,
677,104,128,S3,S1 S7 S3 S7 S3,5,-1,"[[-1, 2, 0], [0, 1, 0], [0, 0, 1]]",110000000,
678,104,106,S5,S1 S7 S5 S9 S5,5,-1,"[[1, 0, 0], [2, -1, 0], [0, 0, 1]]",000110000,
679,104,105,S6,S1 S7 S6 S8 S6,5,-1,"[[-1, 2, 0], [0, 1, 0], [0, 0, 1]]",110000000,
680,104,145,S8,S1 S7 S8 S6 S8,5,-1,"[[-1, 2, 0], [0, 1, 0], [0, 0, 1]]",110000000,
681,104,116,S11,S1 S7 S11 S12 S1,5,-1,"[[1, 0, 0], [0, -1, 2], [0, 0, 1]]",000011000,
682,104,112,S12,S1 S7 S12 S11 S1,5,-1,"[[1, 0, 0], [0, -1, 0], [0, 0, 1]]",000010000,
683,105,153,S2,S6 S8 S2 S6 S7,5,-1,"[[-1, 0, 2], [0, 1, 0], [0, 0, 1]]",101000000,
684,105,129,S3,S6 S8 S3 S7 S8 S1,6,1,"[[1, 2, -2], [0, 1, 0], [0, 0, 1]]",011000000,"0,2,-2"
685,105,106,S4,S6 S8 S4 S9 S5,5,-1,"[[3, -2, 0], [2, -1, 0], [0, 0, -1]]",110110001,
686,105,107,S5,S6 S8 S5 S4 S7 S1,6,1,"[[-1, 2, 0], [0, 1, 0], [0, 2, -1]]",110000011,"0,1,-1"
687,105,119,S11,S6 S8 S11 S12 S8 S3,6,1,"[[-1, 2, -2], [0, 1, -2], [0, 0, -1]]",111001001,"1,0,-1"
688,105,115,S12,S6 S8 S12 S4 S11 S1,6,1,"[[-1, -2, 0], [0, -1, 0], [-2, -2, 1]]",110010110,"0,2,-2"
689,106,155,S2,S5 S9 S2 S7 S10 S2,6,1,"[[-1, 2, 0], [-2, 3, 0], [0, 0, 1]]",110110000,"-1,0,1"
690,106,131,S3,S5 S9 S3 S4 S7 S3,6,1,"[[-1, 2, 0], [-2, 3, 0], [-2, 2, 1]]",110110110,"-1,0,1"
691,106,107,S6,S5 S9 S6 S4 S7 S1,6,1,"[[1, 0, 0], [2, -1, 0], [2, 0, -1]]",000110101,"-1,1,0"
692,106,146,S8,S5 S9 S8 S10 S5,5,-1,"[[-1, 0, 2], [-2, 1, 2], [0, 0, 1]]",101101000,
693,106,118,S11,S5 S9 S11 S5 S1,5,-1,"[[1, 0, 0], [0, -1, 2], [0, 0, 1]]",000011000,
694,106,114,S12,S5 S9 S12 S7 S5 S1,6,1,"[[1, 0, 0], [2, 1, -2], [0, 0, 1]]",000101000,"-3,2,1"
695,107,154,S2,S1 S7 S4 S2 S7 S9 S2,7,-1,"[[-1, 2, 0], [0, 1, 0], [0, 2, 1]]",110000010,
696,107,130,S3,S1 S7 S4 S3 S9 S5 S2,7,-1,"[[-1, 0, 0], [-2, 1, 0], [-2, 0, 1]]",100100100,
697,107,147,S8,S1 S7 S4 S8 S6 S9,6,1,"[[-1, 2, 0], [0, 1, 0], [0, 2, -1]]",110000011,"1,-1,0"
698,107,117,S11,S1 S7 S4 S11 S5 S8 S3,7,-1,"[[1, 0, -2], [2, -1, -2], [2, 0, -3]]",001111100,
699,107,113,S12,S1 S7 S4 S12 S6 S11 S1,7,-1,"[[1, 0, 0], [0, -1, 0], [0, -2, 1]]",000010010,
700,108,164,S2,S1 S4 S12 S2 S6 S11,6,1,"[[-1, 2, 0], [0, 1, 0], [0, 2, -1]]",110000011,"0,0,0"
701,108,140,S3,S1 S4 S12 S3 S12 S10 S1,7,-1,"[[1, 0, 0], [2, -1, 0], [2, -2, 1]]",000110110,
702,108,116,S6,S1 S4 S12 S6 S12 S1,6,1,"[[1, 0, 0], [0, -1, 2], [0, -2, 3]]",000011011,"-2,1,1"
703,108,109,S7,S1 S4 S12 S7 S11 S4 S1,7,-1,"[[1, 0, 0], [0, 1, 0], [2, 2, -1]]",000000111,
704,108,157,S8,S1 S4 S12 S8 S12 S4,6,1,"[[1, 0, 0], [0, 1, 0], [0, 0, 1]]",000000000,"-1,1,0"
705,108,110,S11,S1 S4 S12 S11 S7 S4 S1,7,-1,"[[1, 0, 0], [0, 1, 0], [0, 2, -1]]",000000011,
706,109,165,S2,S1 S4 S11 S2 S11 S10 S1,7,-1,"[[-1, 2, 0], [0, 1, 0], [-2, 2, 1]]",110000110,
707,109,141,S3,S1 S4 S11 S3 S5 S8 S2,7,-1,"[[-1, 0, 0], [-2, 1, 0], [-2, 0, 1]]",100100100,
708,109,117,S6,S1 S4 S11 S6 S5 S8 S3,7,-1,"[[1, 0, -2], [2, -1, -2], [2, 0, -3]]",001111100,
709,109,156,S8,S1 S4 S11 S8 S3 S12,6,1,"[[1, 0, -2], [0, 1, -2], [2, 0, -3]]",001001100,"2,0,-2"
710,109,110,S12,S1 S4 S11 S12 S7 S4 S1,7,-1,"[[1, 0, 0], [0, 1, 0], [2, 0, -1]]",000000101,
711,110,166,S2,S1 S4 S7 S2 S7 S5 S2,7,-1,"[[1, 0, -2], [0, 1, -2], [0, 0, -1]]",001001001,
712,110,143,S3,S1 S4 S7 S3 S5 S9 S2,7,-1,"[[-1, 0, 0], [-2, 1, 0], [0, 0, 1]]",100100000,
713,110,119,S6,S1 S4 S7 S6 S12 S8 S3,7,-1,"[[1, 0, -2], [0, 1, -2], [0, 0, -1]]",001001001,
714,110,159,S8,S1 S4 S7 S8 S7 S4 S2,7,-1,"[[-1, 2, 0], [0, 1, 0], [0, 0, 1]]",110000000,
715,111,142,S3,S1 S4 S3 S5 S2,5,-1,"[[-1, 0, 0], [-2, 1, 0], [-2, 0, 1]]",100100100,
716,111,118,S6,S1 S4 S6 S5 S1,5,-1,"[[1, 0, 0], [2, 1, -2], [2, 0, -1]]",000101101,
717,112,156,S2,S1 S11 S2 S3 S12,5,-1,"[[-1, 0, 2], [0, 1, -2], [0, 0, 1]]",101001000,
718,112,136,S3,S1 S11 S3 S2 S12,5,-1,"[[-1, 0, 0], [0, 1, 0], [0, 0, 1]]",100000000,
719,112,114,S5,S1 S11 S5 S7 S5 S1,6,1,"[[1, 0, 0], [0, 1, -2], [0, 0, 1]]",000001000,"-2,1,1"
720,112,116,S7,S1 S11 S7 S12 S1,5,-1,"[[1, 0, 0], [-2, -1, 2], [0, 0, 1]]",000111000,
721,112,165,S8,S1 S11 S8 S11 S10 S1,6,1,"[[1, -2, 0], [0, 1, 0], [0, -2, 1]]",010000010,"-1,-1,2"
722,113,157,S2,S1 S11 S6 S2 S12 S4,6,1,"[[-1, 0, 0], [0, 1, 0], [0, 2, -1]]",100000011,"0,0,0"
723,113,137,S3,S1 S11 S6 S3 S9 S6 S2,7,-1,"[[-1, 0, 0], [0, 1, 0], [0, 0, 1]]",100000000,
724,113,114,S4,S1 S11 S6 S4 S7 S5 S1,7,-1,"[[1, 0, 0], [0, 1, -2], [0, 0, -1]]",000001001,
725,113,115,S5,S1 S11 S6 S5 S4 S11 S1,7,-1,"[[1, 0, 0], [0, 1, 0], [2, 2, -1]]",000000111,
726,113,117,S7,S1 S11 S6 S7 S5 S8 S3,7,-1,"[[1, 0, -2], [0, -1, 2], [0, 0, 1]]",001011000,
727,113,164,S8,S1 S11 S6 S8 S6 S11,6,1,"[[1, -2, 0], [0, 1, 0], [0, 0, 1]]",010000000,"1,-1,0"
728,114,159,S2,S1 S5 S7 S2 S7 S4 S2,7,-1,"[[1, -2, 0], [0, 1, -2], [0, 0, -1]]",010001001,
729,114,139,S3,S1 S5 S7 S3 S10 S7 S3,7,-1,"[[-1, 2, 0], [0, 3, -2], [0, 2, -1]]",110011011,
730,114,115,S6,S1 S5 S7 S6 S4 S11 S1,7,-1,"[[1, 0, 0], [4, 1, -2], [2, 0, -1]]",000001101,
731,114,166,S8,S1 S5 S7 S8 S7 S5 S2,7,-1,"[[-1, 0, 2], [0, 1, 0], [0, 0, 1]]",101000000,
732,115,158,S2,S1 S11 S4 S2 S8 S4 S1,7,-1,"[[-1, 0, 0], [0, 1, 0], [-2, 0, 1]]",100000100,
733,115,138,S3,S1 S11 S4 S3 S8 S5 S2,7,-1,"[[-1, 0, 0], [0, 1, 0], [-2, 0, 1]]",100000100,
734,115,119,S7,S1 S11 S4 S7 S12 S8 S3,7,-1,"[[1, 0, -2], [-2, 1, 2], [0, 0, -1]]",001101001,
735,115,167,S8,S1 S11 S4 S8 S2 S4 S1,7,-1,"[[-1, 0, 0], [0, 1, 0], [-2, 0, 1]]",100000100,
736,116,160,S2,S1 S12 S2 S3 S11,5,-1,"[[-1, 0, 2], [0, 1, 0], [0, 0, 1]]",101000000,
737,116,132,S3,S1 S12 S3 S2 S11,5,-1,"[[-1, 0, 0], [0, 1, 2], [0, 0, 1]]",100001000,
738,117,161,S2,S3 S8 S5 S2 S8 S12 S1,7,-1,"[[-1, 0, 2], [0, 1, 0], [0, 0, 1]]",101000000,
739,117,133,S3,S3 S8 S5 S3 S11 S4,6,1,"[[3, 0, -2], [2, 1, -2], [2, 0, -1]]",101101101,"0,1,-1"
740,117,160,S8,S3 S8 S5 S8 S3 S11,6,1,"[[1, 0, 0], [0, 1, 0], [0, 0, 1]]",000000000,"1,0,-1"
741,118,135,S3,S1 S5 S3 S4 S2,5,-1,"[[-1, 0, 0], [-2, 3, -2], [-2, 2, -1]]",100111111,
742,119,162,S2,S3 S8 S12 S2 S8 S5 S1,7,-1,"[[-1, 0, 2], [0, 1, 0], [0, 0, 1]]",101000000,
743,119,134,S3,S3 S8 S12 S3 S8 S4 S2,7,-1,"[[-1, 4, -2], [0, 3, -2], [0, 2, -1]]",101011011,
744,119,163,S8,S3 S8 S12 S8 S2 S5 S1,7,-1,"[[-1, 0, 2], [0, 1, 0], [0, 0, 1]]",101000000,
745,120,144,S1,S2 S6 S1 S6,4,1,"[[1, 0, -2], [0, 1, 0], [0, 0, 1]]",001000000,"-1,-1,2"
746,120,142,S4,S2 S6 S4 S5 S2,5,-1,"[[1, 0, 0], [0, 1, -2], [0, 0, -1]]",000001001,
747,120,135,S5,S2 S6 S5 S4 S2,5,-1,"[[1, 0, 0], [0, -1, 0], [0, -2, 1]]",000010010,
748,120,145,S7,S2 S6 S7 S6 S8,5,-1,"[[-1, 2, -2], [0, 1, 0], [0, 0, 1]]",111000000,
749,120,129,S8,S2 S6 S8 S7 S8 S1,6,1,"[[1, 0, -2], [0, 1, 0], [0, 0, 1]]",001000000,"-3,2,1"
750,120,140,S10,S2 S6 S10 S12 S10 S1,6,1,"[[-1, 0, 0], [2, 1, -2], [2, 0, -1]]",100101101,"0,-1,1"
751,121,145,S1,S6 S7 S1 S6 S8,5,-1,"[[-1, 2, 0], [0, 1, 0], [0, 0, 1]]",110000000,
752,121,141,S4,S6 S7 S4 S5 S8 S2,6,1,"[[-1, 0, 2], [0, -1, 2], [0, 0, 1]]",101011000,"1,0,-1"
753,121,133,S5,S6 S7 S5 S11 S4,5,-1,"[[3, 0, -2], [0, -1, 0], [2, 0, -1]]",101010101,
754,121,125,S6,S6 S7 S6 S8 S2,5,-1,"[[-1, 0, 2], [0, 1, 0], [0, 0, 1]]",101000000,
755,121,128,S8,S6 S7 S8 S7 S3,5,-1,"[[-1, 2, 2], [0, 1, 0], [0, 0, 1]]",111000000,
756,121,139,S9,S6 S7 S9 S10 S7 S3,6,1,"[[-1, -2, 2], [0, -1, 0], [0, -2, 1]]",111010010,"0,1,-1"
757,121,143,S10,S6 S7 S10 S5 S9 S2,6,1,"[[-1, 0, -2], [-2, 1, -2], [0, 0, -1]]",101101001,"2,0,-2"
758,122,147,S1,S2 S5 S10 S1 S6 S9,6,1,"[[-1, 0, 2], [0, -1, 2], [0, 0, 1]]",101011000,"0,0,0"
759,122,140,S4,S2 S5 S10 S4 S12 S10 S1,7,-1,"[[-1, 0, 0], [-2, 1, 0], [-2, 0, 1]]",100100100,
760,122,132,S5,S2 S5 S10 S5 S2 S11,6,1,"[[1, 0, 0], [0, 1, 2], [0, 0, 1]]",000001000,"0,-1,1"
761,122,127,S6,S2 S5 S10 S6 S10 S2,6,1,"[[1, 0, 0], [0, 3, -2], [0, 2, -1]]",000011011,"1,-2,1"
762,122,146,S7,S2 S5 S10 S7 S10 S5,6,1,"[[1, 0, 0], [0, 1, 0], [0, 0, 1]]",000000000,"1,-1,0"
763,122,130,S8,S2 S5 S10 S8 S9 S5 S2,7,-1,"[[1, 0, 0], [2, -1, 2], [0, 0, 1]]",000111000,
764,122,138,S9,S2 S5 S10 S9 S8 S5 S2,7,-1,"[[1, 0, 0], [0, -1, 2], [0, 0, 1]]",000011000,
765,123,146,S1,S2 S9 S6 S1 S10 S5,6,1,"[[-1, 0, 0], [0, -1, 2], [0, 0, 1]]",100011000,"0,0,0"
766,123,143,S4,S2 S9 S6 S4 S5 S9 S2,7,-1,"[[1, 0, 0], [2, -1, 2], [0, 0, 1]]",000111000,
767,123,134,S5,S2 S9 S6 S5 S8 S4 S2,7,-1,"[[1, 0, 0], [0, -1, 0], [0, -2, 1]]",000010010,
768,123,147,S7,S2 S9 S6 S7 S6 S9,6,1,"[[1, 0, -2], [0, 1, 0], [0, 0, 1]]",001000000,"-1,1,0"
769,123,131,S8,S2 S9 S6 S8 S4 S7 S3,7,-1,"[[1, -2, 0], [0, 1, 0], [0, 2, -1]]",010000011,
770,123,136,S9,S2 S9 S6 S9 S2 S12,6,1,"[[1, 0, 0], [0, 1, 0], [0, 0, 1]]",000000000,"-1,0,1"
771,123,141,S10,S2 S9 S6 S10 S5 S8 S2,7,-1,"[[1, 0, 0], [0, 1, -2], [0, 0, -1]]",000001001,
772,124,148,S1,S2 S1 S3,3,-1,"[[-1, 2, 0], [0, 1, 0], [0, 0, 1]]",110000000,
773,125,149,S1,S2 S8 S1 S8 S1,5,-1,"[[-1, 0, 2], [0, 1, 0], [0, 0, 1]]",101000000,
774,125,133,S4,S2 S8 S4 S11 S4,5,-1,"[[1, 0, 0], [0, 1, 0], [2, 0, -1]]",000000101,
775,125,153,S7,S2 S8 S7 S6 S7,5,-1,"[[-1, 0, 2], [0, 1, 0], [0, 0, 1]]",101000000,
776,125,127,S9,S2 S8 S9 S10 S2,5,-1,"[[1, 0, 0], [0, 1, 0], [0, 2, -1]]",000000011,
777,125,126,S10,S2 S8 S10 S9 S2,5,-1,"[[1, 0, 0], [0, 1, 0], [0, 0, -1]]",000000001,
778,126,150,S1,S2 S9 S1 S3 S10,5,-1,"[[-1, 2, 0], [0, 1, 0], [0, -2, 1]]",110000010,
779,126,134,S4,S2 S9 S4 S8 S4 S2,6,1,"[[1, 0, 0], [0, 1, 0], [0, -2, 1]]",000000010,"1,-2,1"
780,126,127,S8,S2 S9 S8 S10 S2,5,-1,"[[1, 0, 0], [0, 1, 0], [-2, 2, -1]]",000000111,
781,127,151,S1,S2 S10 S1 S3 S9,5,-1,"[[-1, 2, 0], [0, 1, 0], [0, 0, 1]]",110000000,
782,127,132,S4,S2 S10 S4 S2 S11,5,-1,"[[1, 0, 0], [0, 1, 0], [0, 0, -1]]",000000001,
783,127,140,S5,S2 S10 S5 S12 S10 S1,6,1,"[[-1, 0, 0], [0, -1, 0], [0, -2, 1]]",100010010,"-1,1,0"
784,128,152,S1,S3 S7 S1 S7 S2,5,-1,"[[-1, 2, 0], [0, 1, 0], [0, 0, 1]]",110000000,
785,128,130,S5,S3 S7 S5 S9 S5 S2,6,1,"[[-3, 2, 0], [-2, 1, 0], [0, 0, 1]]",010100000,"-1,1,0"
786,128,129,S6,S3 S7 S6 S7 S8 S1,6,1,"[[1, 2, -2], [0, 1, 0], [0, 0, 1]]",011000000,"-1,3,-2"
787,128,143,S9,S3 S7 S9 S5 S9 S2,6,1,"[[-3, 2, 0], [-2, 1, 0], [0, 0, 1]]",010100000,"2,1,-3"
788,129,153,S1,S1 S8 S7 S1 S6 S7,6,1,"[[1, 0, 0], [0, 1, 0], [0, 0, 1]]",000000000,"1,0,-1"
789,129,130,S4,S1 S8 S7 S4 S9 S5 S2,7,-1,"[[1, 0, -2], [-2, 1, 0], [0, 0, -1]]",001100001,
790,129,131,S5,S1 S8 S7 S5 S4 S7 S3,7,-1,"[[1, 2, -2], [0, 1, 0], [0, 2, -1]]",011000011,
791,129,140,S9,S1 S8 S7 S9 S12 S10 S1,7,-1,"[[3, 0, -2], [2, -1, 0], [2, 0, -1]]",101110101,
792,129,137,S10,S1 S8 S7 S10 S9 S6 S2,7,-1,"[[1, 0, 2], [0, -1, 0], [0, 0, 1]]",001010000,
793,130,154,S1,S2 S5 S9 S1 S7 S9 S2,7,-1,"[[-1, 0, 0], [-2, 1, 0], [0, 0, 1]]",100100000,
794,130,131,S6,S2 S5 S9 S6 S4 S7 S3,7,-1,"[[1, -2, 0], [2, -3, 0], [2, -2, -1]]",010100111,
795,130,150,S7,S2 S5 S9 S7 S3 S10,6,1,"[[1, -2, 0], [2, -3, 0], [0, -2, 1]]",010100010,"0,2,-2"
796,130,138,S10,S2 S5 S9 S10 S8 S5 S2,7,-1,"[[1, 0, 0], [2, -1, 0], [0, 0, 1]]",000110000,
797,131,155,S1,S3 S7 S4 S1 S7 S10 S2,7,-1,"[[-1, 2, 0], [0, 1, 0], [0, 0, 1]]",110000000,
798,131,151,S7,S3 S7 S4 S7 S3 S9,6,1,"[[1, 0, 0], [0, 1, 0], [0, 0, 1]]",000000000,"0,1,-1"
799,131,141,S9,S3 S7 S4 S9 S5 S8 S2,7,-1,"[[-3, 2, 0], [-2, 1, 0], [-2, 2, -1]]",010100111,
800,131,136,S10,S3 S7 S4 S10 S2 S12,6,1,"[[1, -2, 0], [0, -1, 0], [0, 0, -1]]",010010001,"0,1,-1"
801,132,160,S1,S11 S2 S1 S3 S11,5,-1,"[[1, -2, 0], [0, -1, 0], [0, 0, 1]]",010010000,
802,132,140,S6,S11 S2 S6 S12 S10 S1,6,1,"[[-1, 0, 0], [-2, 1, 0], [2, 0, -1]]",100100101,"2,0,-2"
803,132,156,S7,S11 S2 S7 S3 S12,5,-1,"[[-1, 2, -2], [0, 1, -2], [0, 0, 1]]",111001000,
804,132,133,S8,S11 S2 S8 S11 S4,5,-1,"[[1, 0, 0], [0, 1, 0], [2, 0, -1]]",000000101,
805,132,134,S9,S11 S2 S9 S8 S4 S2,6,1,"[[1, 0, 0], [0, 1, 0], [0, -2, 1]]",000000010,"3,-1,-2"
806,132,135,S10,S11 S2 S10 S4 S2,5,-1,"[[1, 0, 0], [0, 1, 0], [0, 0, -1]]",000000001,
807,133,161,S1,S4 S11 S1 S8 S12 S1,6,1,"[[-1, 0, 2], [0, 1, 0], [-2, 0, 3]]",101000101,"0,-1,1"
808,133,141,S6,S4 S11 S6 S5 S8 S2,6,1,"[[1, 0, 0], [2, -1, 0], [2, 0, -1]]",000110101,"1,-1,0"
809,133,157,S7,S4 S11 S7 S12 S4,5,-1,"[[-1, 2, 0], [0, 1, 0], [-2, 2, 1]]",110000110,
810,133,135,S9,S4 S11 S9 S4 S2,5,-1,"[[1, 0, 0], [0, 1, 0], [0, 2, -1]]",000000011,
811,133,134,S10,S4 S11 S10 S8 S4 S2,6,1,"[[1, 0, 0], [0, 1, 0], [2, -2, 1]]",000000110,"2,-3,1"
812,134,162,S1,S2 S4 S8 S1 S8 S5 S1,7,-1,"[[1, 0, -2], [0, -1, 0], [0, -2, 1]]",001010010,
813,134,143,S6,S2 S4 S8 S6 S5 S9 S2,7,-1,"[[1, 0, 0], [2, -1, 0], [4, -2, 1]]",000110010,
814,134,158,S7,S2 S4 S8 S7 S8 S4 S1,7,-1,"[[-1, 2, 0], [0, 1, 0], [0, 0, 1]]",110000000,
815,135,163,S1,S2 S4 S1 S2 S5 S1,6,1,"[[1, 2, -2], [0, 1, 0], [0, 0, 1]]",011000000,"-1,1,0"
816,135,142,S6,S2 S4 S6 S5 S2,5,-1,"[[1, 0, 0], [2, -1, 0], [2, -2, 1]]",000110110,
817,136,156,S1,S12 S2 S1 S3 S12,5,-1,"[[1, -2, 2], [0, -1, 2], [0, 0, 1]]",011011000,
818,136,139,S4,S12 S2 S4 S10 S7 S3,6,1,"[[1, -2, 0], [0, -1, 0], [0, 0, -1]]",010010001,"0,-1,1"
819,136,138,S5,S12 S2 S5 S8 S5 S2,6,1,"[[1, 0, 0], [0, 1, 0], [0, 0, 1]]",000000000,"0,0,0"
820,136,137,S6,S12 S2 S6 S9 S6 S2,6,1,"[[1, 0, 0], [0, 1, 0], [0, 0, 1]]",000000000,"1,0,-1"
821,136,160,S7,S12 S2 S7 S3 S11,5,-1,"[[-1, 2, 0], [0, 1, 0], [0, 0, 1]]",110000000,
822,136,141,S8,S12 S2 S8 S5 S8 S2,6,1,"[[1, 0, 0], [0, 1, 0], [0, 0, 1]]",000000000,"0,0,0"
823,137,157,S1,S2 S6 S9 S1 S12 S4,6,1,"[[1, -2, 0], [0, -1, 0], [0, 2, -1]]",010010011,"-2,2,0"
824,137,138,S4,S2 S6 S9 S4 S8 S5 S2,7,-1,"[[1, 0, 0], [0, 1, 0], [0, 0, -1]]",000000001,
825,137,139,S5,S2 S6 S9 S5 S10 S7 S3,7,-1,"[[1, -2, 0], [0, -1, 0], [-2, 2, 1]]",010010110,
826,137,161,S7,S2 S6 S9 S7 S8 S12 S1,7,-1,"[[1, 0, -2], [0, -1, 0], [0, 0, 1]]",001010000,
827,137,140,S8,S2 S6 S9 S8 S12 S10 S1,7,-1,"[[-1, 0, 0], [0, -1, 0], [2, 0, -1]]",100010101,
828,138,158,S1,S2 S5 S8 S1 S8 S4 S1,7,-1,"[[1, -2, 0], [0, -1, 0], [0, -2, 1]]",010010010,
829,138,139,S6,S2 S5 S8 S6 S10 S7 S3,7,-1,"[[1, -2, 0], [0, -1, 0], [0, -2, 1]]",010010010,
830,138,162,S7,S2 S5 S8 S7 S8 S5 S1,7,-1,"[[-1, 0, 2], [0, 1, 0], [0, 0, 1]]",101000000,
831,139,159,S1,S3 S7 S10 S1 S7 S4 S2,7,-1,"[[-1, 2, 0], [0, 1, 0], [0, 0, 1]]",110000000,
832,139,163,S7,S3 S7 S10 S7 S2 S5 S1,7,-1,"[[-1, 0, 2], [0, 1, 0], [0, 0, 1]]",101000000,
833,139,143,S8,S3 S7 S10 S8 S5 S9 S2,7,-1,"[[1, -2, 0], [0, -1, 0], [2, -2, 1]]",010010110,
834,140,164,S1,S1 S10 S12 S1 S6 S11,6,1,"[[-1, 0, 2], [-2, 1, 2], [-2, 0, 3]]",101101101,"-1,1,0"
835,140,165,S7,S1 S10 S12 S7 S11 S10 S1,7,-1,"[[-1, -2, 2], [-2, -1, 2], [-2, -2, 3]]",111111111,
836,141,165,S1,S2 S8 S5 S1 S11 S10 S1,7,-1,"[[-1, -2, 2], [0, -3, 2], [0, -2, 1]]",111001010,
837,141,164,S7,S2 S8 S5 S7 S6 S11,6,1,"[[-1, 0, 2], [0, -1, 2], [0, 0, 1]]",101011000,"-1,1,0"
838,142,167,S1,S2 S5 S1 S2 S4 S1,6,1,"[[1, 2, -2], [0, 3, -2], [0, 2, -1]]",011011011,"1,-1,0"
839,143,166,S1,S2 S9 S5 S1 S7 S5 S2,7,-1,"[[-1, 0, 0], [-2, 1, 0], [0, 0, 1]]",100100000,
840,143,167,S7,S2 S9 S5 S7 S2 S4 S1,7,-1,"[[-1, -2, 2], [-2, -1, 2], [0, 2, -1]]",111111011,
