segment_id,layer,node_u,node_v,length_px300,tortuosity,stroke_radius_med_px300,polyline_px300,status
S000,reinforced,N000,N008,414.877,1.078859,3.197,"[[1594.0,534.0],[1617.0,421.0],[1645.0,331.0],[1712.0,168.0]]",AUTO_HIGH_CONFIDENCE_SOURCE_STROKE
S001,reinforced,N001,N010,380.296,1.065792,3.0,"[[1955.0,600.0],[1971.0,435.0],[2000.0,249.0],[1991.0,245.0]]",AUTO_HIGH_CONFIDENCE_SOURCE_STROKE
S002,ordinary,N002,N003,50.971,1.072174,1.4,"[[1401.0,373.0],[1413.0,327.0]]",AUTO_HIGH_CONFIDENCE_SOURCE_STROKE
S003,reinforced,N002,N008,278.174,1.040966,3.197,"[[1420.0,329.0],[1589.0,536.0]]",AUTO_HIGH_CONFIDENCE_SOURCE_STROKE
S004,ordinary,N004,N006,93.284,1.068288,1.4,"[[1376.0,483.0],[1381.0,460.0],[1387.0,444.0],[1396.0,398.0]]",AUTO_HIGH_CONFIDENCE_SOURCE_STROKE
S005,ordinary,N005,N011,206.191,1.036253,1.4,"[[1213.0,490.0],[1256.0,551.0],[1339.0,644.0]]",AUTO_HIGH_CONFIDENCE_SOURCE_STROKE
S006,ordinary,N005,N017,305.941,1.030742,1.0,"[[1185.0,790.0],[1187.0,627.0],[1207.0,494.0]]",AUTO_HIGH_CONFIDENCE_SOURCE_STROKE
S007,ordinary,N007,N008,40.113,1.065607,1.4,"[[1596.0,538.0],[1600.0,537.0],[1602.0,533.0],[1625.0,514.0]]",AUTO_HIGH_CONFIDENCE_SOURCE_STROKE
S008,reinforced,N009,N013,198.456,1.034452,3.0,"[[1571.0,744.0],[1579.0,627.0],[1589.0,553.0]]",AUTO_HIGH_CONFIDENCE_SOURCE_STROKE
S009,reinforced,N010,N033,350.113,1.026441,3.0,"[[1946.0,946.0],[1945.0,804.0],[1954.0,605.0]]",AUTO_HIGH_CONFIDENCE_SOURCE_STROKE
S010,ordinary,N012,N015,35.799,1.081348,1.4,"[[796.0,741.0],[766.0,755.0]]",AUTO_HIGH_CONFIDENCE_SOURCE_STROKE
S011,ordinary,N012,N016,50.426,1.041548,1.0,"[[839.0,773.0],[801.0,743.0]]",AUTO_HIGH_CONFIDENCE_SOURCE_STROKE
S012,ordinary,N015,N018,103.569,1.0816,1.4,"[[761.0,758.0],[710.0,781.0],[703.0,786.0],[697.0,787.0],[674.0,798.0]]",AUTO_HIGH_CONFIDENCE_SOURCE_STROKE
S013,reinforced,N014,N034,200.971,1.02488,3.0,"[[1576.0,956.0],[1568.0,851.0],[1570.0,760.0]]",AUTO_HIGH_CONFIDENCE_SOURCE_STROKE
S014,ordinary,N017,N023,95.296,1.06372,1.4,"[[1135.0,871.0],[1149.0,857.0],[1172.0,823.0],[1184.0,796.0]]",AUTO_HIGH_CONFIDENCE_SOURCE_STROKE
S015,ordinary,N018,N026,175.936,1.058915,1.4,"[[675.0,802.0],[724.0,840.0],[779.0,878.0],[787.0,880.0],[812.0,896.0]]",AUTO_HIGH_CONFIDENCE_SOURCE_STROKE
S016,ordinary,N018,N021,32.243,1.035249,1.0,"[[667.0,835.0],[670.0,804.0]]",AUTO_HIGH_CONFIDENCE_SOURCE_STROKE
S017,ordinary,N019,N022,83.912,1.078186,1.4,"[[1483.0,811.0],[1471.0,817.0],[1467.0,821.0],[1458.0,823.0],[1438.0,836.0],[1435.0,836.0],[1414.0,847.0]]",AUTO_HIGH_CONFIDENCE_SOURCE_STROKE
S018,ordinary,N020,N022,31.971,1.08204,1.4,"[[1404.0,846.0],[1377.0,834.0]]",AUTO_HIGH_CONFIDENCE_SOURCE_STROKE
S019,ordinary,N022,N025,113.326,1.081849,1.0,"[[1306.0,888.0],[1351.0,875.0],[1404.0,851.0]]",AUTO_HIGH_CONFIDENCE_SOURCE_STROKE
S020,ordinary,N022,N030,76.657,1.021728,1.0,"[[1411.0,927.0],[1409.0,899.0],[1409.0,852.0]]",AUTO_HIGH_CONFIDENCE_SOURCE_STROKE
S021,ordinary,N023,N028,40.355,1.033395,1.4,"[[1129.0,877.0],[1099.0,902.0]]",AUTO_HIGH_CONFIDENCE_SOURCE_STROKE
S022,ordinary,N024,N040,126.284,1.055157,1.4,"[[688.0,1004.0],[678.0,969.0],[668.0,886.0]]",AUTO_HIGH_CONFIDENCE_SOURCE_STROKE
S023,ordinary,N027,N036,105.924,1.039369,1.4,"[[444.0,903.0],[470.0,922.0],[490.0,940.0],[519.0,972.0]]",AUTO_HIGH_CONFIDENCE_SOURCE_STROKE
S024,ordinary,N028,N031,96.841,1.081562,1.4,"[[1009.0,937.0],[1050.0,927.0],[1074.0,917.0],[1093.0,906.0]]",AUTO_HIGH_CONFIDENCE_SOURCE_STROKE
S025,ordinary,N029,N032,76.385,1.058249,1.0,"[[953.0,939.0],[928.0,937.0],[882.0,926.0]]",AUTO_HIGH_CONFIDENCE_SOURCE_STROKE
S026,ordinary,N030,N035,32.828,1.02389,1.0,"[[1413.0,964.0],[1411.0,932.0]]",AUTO_HIGH_CONFIDENCE_SOURCE_STROKE
S027,ordinary,N035,N041,36.243,1.031721,1.0,"[[1414.0,969.0],[1417.0,1004.0]]",AUTO_HIGH_CONFIDENCE_SOURCE_STROKE
S028,ordinary,N037,N043,132.598,1.067639,1.0,"[[256.0,981.0],[284.0,1102.0]]",AUTO_HIGH_CONFIDENCE_SOURCE_STROKE
S029,ordinary,N038,N049,225.87,1.035567,1.0,"[[410.0,1209.0],[401.0,1156.0],[397.0,1093.0],[398.0,1027.0],[403.0,991.0]]",AUTO_HIGH_CONFIDENCE_SOURCE_STROKE
S030,ordinary,N039,N053,353.049,1.081929,1.4,"[[655.0,1301.0],[637.0,1215.0],[608.0,1121.0],[573.0,1048.0],[539.0,996.0]]",AUTO_HIGH_CONFIDENCE_SOURCE_STROKE
S031,ordinary,N042,N044,35.698,1.050865,1.0,"[[1335.0,1080.0],[1312.0,1105.0]]",AUTO_HIGH_CONFIDENCE_SOURCE_STROKE
S032,ordinary,N045,N048,107.326,1.082335,1.4,"[[1197.0,1112.0],[1205.0,1129.0],[1210.0,1146.0],[1223.0,1173.0],[1234.0,1204.0]]",AUTO_HIGH_CONFIDENCE_SOURCE_STROKE
S033,ordinary,N046,N057,252.811,1.058223,1.0,"[[333.0,1359.0],[310.0,1218.0],[290.0,1124.0]]",AUTO_HIGH_CONFIDENCE_SOURCE_STROKE
S034,ordinary,N047,N048,85.468,1.054839,1.4,"[[1286.0,1138.0],[1269.0,1159.0],[1239.0,1204.0]]",AUTO_HIGH_CONFIDENCE_SOURCE_STROKE
S035,ordinary,N050,N055,76.841,1.080549,1.4,"[[1213.0,1251.0],[1198.0,1279.0],[1182.0,1315.0]]",AUTO_HIGH_CONFIDENCE_SOURCE_STROKE
S036,ordinary,N051,N060,123.899,1.022254,1.0,"[[1954.0,1259.0],[1961.0,1380.0]]",AUTO_HIGH_CONFIDENCE_SOURCE_STROKE
S037,ordinary,N052,N054,72.054,1.029235,1.4,"[[659.0,1311.0],[694.0,1279.0],[709.0,1262.0]]",AUTO_HIGH_CONFIDENCE_SOURCE_STROKE
S038,reinforced,N054,N059,252.681,1.073801,3.197,"[[889.0,1379.0],[779.0,1344.0],[662.0,1317.0]]",AUTO_HIGH_CONFIDENCE_SOURCE_STROKE
S039,reinforced,N054,N070,392.569,1.039312,4.0,"[[659.0,1320.0],[685.0,1477.0],[694.0,1580.0],[695.0,1696.0]]",AUTO_HIGH_CONFIDENCE_SOURCE_STROKE
S040,ordinary,N055,N066,183.326,1.065686,1.4,"[[1180.0,1321.0],[1168.0,1354.0],[1151.0,1426.0],[1143.0,1489.0]]",AUTO_HIGH_CONFIDENCE_SOURCE_STROKE
S041,ordinary,N056,N062,62.213,1.082173,1.0,"[[1590.0,1416.0],[1590.0,1403.0],[1603.0,1360.0]]",AUTO_HIGH_CONFIDENCE_SOURCE_STROKE
S042,reinforced,N059,N066,290.563,1.081927,3.597,"[[1138.0,1491.0],[1020.0,1432.0],[893.0,1381.0]]",AUTO_HIGH_CONFIDENCE_SOURCE_STROKE
S043,ordinary,N058,N061,61.385,1.067763,1.4,"[[481.0,1395.0],[509.0,1391.0],[537.0,1382.0]]",AUTO_HIGH_CONFIDENCE_SOURCE_STROKE
S044,ordinary,N063,N065,54.485,1.040888,1.4,"[[1578.0,1486.0],[1579.0,1460.0],[1581.0,1456.0],[1584.0,1434.0]]",AUTO_HIGH_CONFIDENCE_SOURCE_STROKE
S045,ordinary,N064,N067,49.87,1.081834,1.4,"[[1919.0,1496.0],[1957.0,1481.0],[1961.0,1477.0]]",AUTO_HIGH_CONFIDENCE_SOURCE_STROKE
S046,reinforced,N064,N071,250.669,1.047569,3.0,"[[2003.0,1714.0],[1977.0,1548.0],[1970.0,1477.0]]",AUTO_HIGH_CONFIDENCE_SOURCE_STROKE
S047,ordinary,N065,N068,45.456,1.092865,1.0,"[[1574.0,1491.0],[1569.0,1493.0],[1565.0,1498.0],[1537.0,1510.0]]",AUTO_HIGH_CONFIDENCE_SOURCE_STROKE
S048,reinforced,N065,N090,386.154,1.038481,3.0,"[[1614.0,1864.0],[1582.0,1680.0],[1577.0,1494.0]]",AUTO_HIGH_CONFIDENCE_SOURCE_STROKE
S049,reinforced,N066,N069,94.657,1.01758,3.0,"[[1144.0,1591.0],[1141.0,1549.0],[1142.0,1498.0]]",AUTO_HIGH_CONFIDENCE_SOURCE_STROKE
S050,reinforced,N069,N072,160.012,1.060987,3.197,"[[1145.0,1596.0],[1151.0,1647.0],[1174.0,1744.0]]",AUTO_HIGH_CONFIDENCE_SOURCE_STROKE
S051,reinforced,N070,N109,336.326,1.040853,4.0,"[[657.0,2025.0],[683.0,1880.0],[694.0,1704.0]]",AUTO_HIGH_CONFIDENCE_SOURCE_STROKE
S052,reinforced,N071,N079,101.627,1.054905,3.0,"[[2020.0,1814.0],[2015.0,1779.0],[2010.0,1763.0],[2004.0,1719.0]]",AUTO_HIGH_CONFIDENCE_SOURCE_STROKE
S053,ordinary,N073,N078,76.811,1.055083,1.4,"[[1172.0,1755.0],[1128.0,1813.0]]",AUTO_HIGH_CONFIDENCE_SOURCE_STROKE
S054,ordinary,N074,N082,231.965,1.090013,1.0,"[[1653.0,1838.0],[1705.0,1804.0],[1762.0,1777.0],[1800.0,1765.0],[1835.0,1759.0],[1851.0,1760.0]]",AUTO_HIGH_CONFIDENCE_SOURCE_STROKE
S055,reinforced,N073,N088,105.77,1.073872,3.597,"[[1178.0,1760.0],[1186.0,1794.0],[1197.0,1827.0],[1197.0,1832.0],[1201.0,1841.0],[1204.0,1855.0]]",AUTO_HIGH_CONFIDENCE_SOURCE_STROKE
S056,ordinary,N074,N075,40.657,1.037043,1.4,"[[1855.0,1760.0],[1880.0,1761.0],[1894.0,1764.0]]",AUTO_HIGH_CONFIDENCE_SOURCE_STROKE
S057,ordinary,N076,N081,111.711,1.075883,1.4,"[[829.0,1782.0],[862.0,1802.0],[920.0,1832.0]]",AUTO_HIGH_CONFIDENCE_SOURCE_STROKE
S058,ordinary,N077,N083,65.154,1.04707,1.4,"[[1344.0,1846.0],[1325.0,1823.0],[1300.0,1802.0]]",AUTO_HIGH_CONFIDENCE_SOURCE_STROKE
S059,ordinary,N078,N100,224.99,1.03301,1.4,"[[984.0,1983.0],[1039.0,1924.0],[1125.0,1817.0]]",AUTO_HIGH_CONFIDENCE_SOURCE_STROKE
S060,ordinary,N079,N080,32.142,1.081057,1.0,"[[2013.0,1820.0],[2010.0,1823.0],[1985.0,1830.0]]",AUTO_HIGH_CONFIDENCE_SOURCE_STROKE
S061,ordinary,N079,N124,454.078,1.071055,1.4,"[[2125.0,2231.0],[2021.0,1820.0]]",AUTO_HIGH_CONFIDENCE_SOURCE_STROKE
S062,ordinary,N081,N092,38.899,1.060676,1.4,"[[923.0,1836.0],[925.0,1853.0],[930.0,1872.0]]",AUTO_HIGH_CONFIDENCE_SOURCE_STROKE
S063,ordinary,N083,N084,37.657,1.046024,1.0,"[[1347.0,1848.0],[1383.0,1848.0]]",AUTO_HIGH_CONFIDENCE_SOURCE_STROKE
S064,ordinary,N083,N093,71.184,1.0819,1.4,"[[1317.0,1910.0],[1344.0,1850.0]]",AUTO_HIGH_CONFIDENCE_SOURCE_STROKE
S065,ordinary,N085,N086,58.314,1.057456,1.4,"[[1455.0,1851.0],[1479.0,1853.0],[1486.0,1852.0],[1499.0,1855.0],[1510.0,1855.0]]",AUTO_HIGH_CONFIDENCE_SOURCE_STROKE
S066,ordinary,N087,N101,134.556,1.032577,1.4,"[[351.0,1987.0],[360.0,1857.0]]",AUTO_HIGH_CONFIDENCE_SOURCE_STROKE
S067,ordinary,N089,N091,86.556,1.046194,1.4,"[[1604.0,1867.0],[1572.0,1861.0],[1522.0,1856.0]]",AUTO_HIGH_CONFIDENCE_SOURCE_STROKE
S068,reinforced,N088,N105,164.953,1.08162,3.197,"[[1260.0,2002.0],[1230.0,1928.0],[1207.0,1859.0]]",AUTO_HIGH_CONFIDENCE_SOURCE_STROKE
S069,ordinary,N090,N094,55.971,1.068288,1.0,"[[1616.0,1871.0],[1628.0,1922.0]]",AUTO_HIGH_CONFIDENCE_SOURCE_STROKE
S070,ordinary,N091,N096,143.451,1.038708,1.4,"[[1605.0,1873.0],[1599.0,1881.0],[1529.0,1938.0],[1502.0,1965.0]]",AUTO_HIGH_CONFIDENCE_SOURCE_STROKE
S071,ordinary,N092,N099,123.811,1.082363,1.4,"[[975.0,1983.0],[974.0,1978.0],[948.0,1927.0],[932.0,1877.0]]",AUTO_HIGH_CONFIDENCE_SOURCE_STROKE
S072,ordinary,N095,N102,55.355,1.075317,1.4,"[[1275.0,1988.0],[1300.0,1943.0]]",AUTO_HIGH_CONFIDENCE_SOURCE_STROKE
S073,ordinary,N097,N127,343.439,1.058655,1.4,"[[1784.0,1977.0],[1798.0,2119.0],[1817.0,2212.0],[1843.0,2296.0]]",AUTO_HIGH_CONFIDENCE_SOURCE_STROKE
S074,reinforced,N098,N099,63.657,1.026723,3.197,"[[971.0,1986.0],[909.0,1986.0]]",AUTO_HIGH_CONFIDENCE_SOURCE_STROKE
S075,reinforced,N098,N103,91.728,1.036954,3.0,"[[815.0,1995.0],[858.0,1989.0],[903.0,1986.0]]",AUTO_HIGH_CONFIDENCE_SOURCE_STROKE
S076,reinforced,N100,N104,197.385,1.025697,3.0,"[[986.0,1986.0],[1093.0,1990.0],[1178.0,1999.0]]",AUTO_HIGH_CONFIDENCE_SOURCE_STROKE
S077,ordinary,N100,N120,220.09,1.043633,1.4,"[[982.0,1989.0],[998.0,2016.0],[1046.0,2074.0],[1125.0,2144.0]]",AUTO_HIGH_CONFIDENCE_SOURCE_STROKE
S078,ordinary,N101,N123,221.598,1.045972,1.4,"[[350.0,1994.0],[322.0,2204.0]]",AUTO_HIGH_CONFIDENCE_SOURCE_STROKE
S079,ordinary,N101,N114,124.723,1.028522,1.4,"[[447.0,2073.0],[355.0,1994.0]]",AUTO_HIGH_CONFIDENCE_SOURCE_STROKE
S080,reinforced,N103,N106,76.971,1.05449,3.597,"[[809.0,1995.0],[737.0,2007.0]]",AUTO_HIGH_CONFIDENCE_SOURCE_STROKE
S081,reinforced,N104,N105,78.314,1.038293,3.0,"[[1258.0,2007.0],[1183.0,1999.0]]",AUTO_HIGH_CONFIDENCE_SOURCE_STROKE
S082,reinforced,N106,N109,74.042,1.071156,3.0,"[[731.0,2009.0],[664.0,2026.0]]",AUTO_HIGH_CONFIDENCE_SOURCE_STROKE
S083,ordinary,N107,N121,153.681,1.080549,1.0,"[[1325.0,2143.0],[1309.0,2115.0],[1270.0,2026.0],[1263.0,2015.0]]",AUTO_HIGH_CONFIDENCE_SOURCE_STROKE
S084,ordinary,N108,N116,87.368,1.035332,1.4,"[[1248.0,2028.0],[1225.0,2059.0],[1193.0,2092.0]]",AUTO_HIGH_CONFIDENCE_SOURCE_STROKE
S085,ordinary,N109,N115,135.882,1.082392,1.4,"[[649.0,2030.0],[588.0,2053.0],[540.0,2077.0],[533.0,2078.0]]",AUTO_HIGH_CONFIDENCE_SOURCE_STROKE
S086,ordinary,N109,N113,52.355,1.071156,1.4,"[[706.0,2055.0],[693.0,2046.0],[668.0,2034.0],[664.0,2030.0]]",AUTO_HIGH_CONFIDENCE_SOURCE_STROKE
S087,ordinary,N110,N130,396.463,1.079864,1.4,"[[1554.0,2382.0],[1524.0,2311.0],[1437.0,2034.0]]",AUTO_HIGH_CONFIDENCE_SOURCE_STROKE
S088,ordinary,N111,N128,322.333,1.085081,1.4,"[[652.0,2038.0],[632.0,2109.0],[593.0,2196.0],[568.0,2237.0],[512.0,2300.0]]",AUTO_HIGH_CONFIDENCE_SOURCE_STROKE
S089,ordinary,N112,N127,324.931,1.066863,1.4,"[[1675.0,2043.0],[1734.0,2156.0],[1840.0,2299.0]]",AUTO_HIGH_CONFIDENCE_SOURCE_STROKE
S090,ordinary,N114,N117,32.698,1.027361,1.4,"[[475.0,2099.0],[452.0,2077.0]]",AUTO_HIGH_CONFIDENCE_SOURCE_STROKE
S091,ordinary,N115,N119,70.426,1.130628,1.4,"[[483.0,2121.0],[485.0,2109.0],[522.0,2087.0],[528.0,2082.0],[529.0,2079.0]]",AUTO_HIGH_CONFIDENCE_SOURCE_STROKE
S092,ordinary,N118,N131,348.581,1.064842,1.4,"[[794.0,2123.0],[769.0,2296.0],[725.0,2443.0]]",AUTO_HIGH_CONFIDENCE_SOURCE_STROKE
S093,ordinary,N120,N134,404.534,1.080391,1.4,"[[1249.0,2503.0],[1210.0,2431.0],[1179.0,2353.0],[1145.0,2241.0],[1127.0,2149.0]]",AUTO_HIGH_CONFIDENCE_SOURCE_STROKE
S094,ordinary,N122,N126,140.698,1.052659,1.4,"[[456.0,2296.0],[477.0,2164.0]]",AUTO_HIGH_CONFIDENCE_SOURCE_STROKE
S095,ordinary,N125,N129,79.385,1.061108,1.4,"[[303.0,2323.0],[302.0,2316.0],[307.0,2295.0],[314.0,2249.0]]",AUTO_HIGH_CONFIDENCE_SOURCE_STROKE
S096,reinforced,N132,N133,212.142,1.018737,3.197,"[[729.0,2467.0],[937.0,2477.0]]",AUTO_HIGH_CONFIDENCE_SOURCE_STROKE
S097,reinforced,N133,N135,316.669,1.038969,3.0,"[[1246.0,2510.0],[943.0,2477.0]]",AUTO_HIGH_CONFIDENCE_SOURCE_STROKE
W000,serpentine,,,54.142,1.19814,1.4,"[[1766.0,173.0],[1765.0,170.0],[1757.0,169.0],[1754.0,164.0],[1746.0,164.0],[1743.0,158.0],[1736.0,158.0],[1734.0,154.0],[1725.0,154.0]]",AUTO_CANDIDATE_CURVED/WAVY_SOURCE_STROKE
W001,serpentine,,,117.439,1.231768,1.4,"[[732.0,1234.0],[752.0,1205.0],[772.0,1169.0],[753.0,1141.0]]",AUTO_CANDIDATE_CURVED/WAVY_SOURCE_STROKE
Y000,symmetry_candidate,,,1206.45,1.0,,"[[1874.14,1178.97],[1275.56,2226.45]]",AUTO_DASHED/COLLINEAR_CANDIDATE_NOT_MATCHED_TO_SIX_SOURCE_AXES
Y001,symmetry_candidate,,,708.355,1.0,,"[[1194.6,1472.07],[553.31,1772.93]]",AUTO_DASHED/COLLINEAR_CANDIDATE_NOT_MATCHED_TO_SIX_SOURCE_AXES
Y002,symmetry_candidate,,,1160.704,1.0,,"[[1327.47,645.9],[1325.07,1806.6]]",AUTO_DASHED/COLLINEAR_CANDIDATE_NOT_MATCHED_TO_SIX_SOURCE_AXES
Y003,symmetry_candidate,,,732.314,1.0,,"[[1147.53,1381.32],[1142.68,2113.62]]",AUTO_DASHED/COLLINEAR_CANDIDATE_NOT_MATCHED_TO_SIX_SOURCE_AXES
Y004,symmetry_candidate,,,829.733,1.0,,"[[1411.05,938.81],[967.17,1639.83]]",AUTO_DASHED/COLLINEAR_CANDIDATE_NOT_MATCHED_TO_SIX_SOURCE_AXES
