path	bytes	sha256
02_VERSIONS/v22/formalisation_feuillets_binet_birefringence_selling_polaire_v22.tex	322011	fabc7d1a0b695be4af9ec483bf4b10947bd8954046bb7efd70de938bc014ab10
02_VERSIONS/v37/formalisation_feuillets_binet_birefringence_selling_polaire_v37.pdf	1480932	573091b53300a4b471b8439c0ba643d0354e413e4ae45871104e55f7e4448940
02_VERSIONS/v37/formalisation_feuillets_binet_birefringence_selling_polaire_v37.tex	587266	d4ccbb128e5337cc495092ef1e24e2bd82f8f87c6f9c953d30cae235ee01b3eb
02_VERSIONS/v38/formalisation_feuillets_binet_birefringence_selling_polaire_v38.pdf	2078554	d31f8c3fbd7c09e6d6c22daec103af6d5b4bebea2b1fdae9ed2e632dd3e70411
02_VERSIONS/v38/formalisation_feuillets_binet_birefringence_selling_polaire_v38.tex	598832	9825199ccd1a8c2a9ee85eb419447e10e481df2cc7c04fceec32905a74ed5f6f
02_VERSIONS/v39/formalisation_feuillets_binet_birefringence_selling_polaire_v39.pdf	1515055	c65f560b29bf5e343c6026343443d43733d7c81ae03c1c25cd8869bf112814f0
02_VERSIONS/v39/formalisation_feuillets_binet_birefringence_selling_polaire_v39.tex	611224	8b1ce9d5135205b123b181a2e186e559d251fe1638b4fb1edb2c148793dc6979
02_VERSIONS/v40/formalisation_feuillets_binet_birefringence_selling_polaire_v40.pdf	2130403	a0683ef1941d9d9b33165fdcbe3f3d618ec62f842cd6d03434fa41931a9d6938
02_VERSIONS/v40/formalisation_feuillets_binet_birefringence_selling_polaire_v40.tex	624485	035040cff2a6a108f8a1b99d1f724f2c068bdd82d6ba205fa1c6fe29933d353a
02_VERSIONS/v41/formalisation_feuillets_binet_birefringence_selling_polaire_v41.pdf	2177150	7444e1010b547cda1cf253241a9981327168b0517b87dfaf07243b72c7e60f3c
02_VERSIONS/v41/formalisation_feuillets_binet_birefringence_selling_polaire_v41.tex	637808	246a98305dc7175bebf8d236b18f0d0ab91f65ee2a1cd7a1ef74dd9bf81b93ea
02_VERSIONS/v42/formalisation_feuillets_binet_birefringence_selling_polaire_v42.pdf	2180382	e470f22a4cae6a40e09882a175c0a8787a8ec918e82afca79a7500d2c779856e
02_VERSIONS/v42/formalisation_feuillets_binet_birefringence_selling_polaire_v42.tex	649715	7420477dd1d8011f5de983a87bcb0066da8927fa90d5edeb8834393c2dab2807
02_VERSIONS/v43/formalisation_feuillets_binet_birefringence_selling_polaire_v43.pdf	2204661	44fdea61d3cfc21b349c429490324eac3a273230761e4b872becb1acef7830be
02_VERSIONS/v43/formalisation_feuillets_binet_birefringence_selling_polaire_v43.tex	660492	5979d80c958eea73ffd0f583a00f051707d3b05343945ac3e1afe6aac492dd77
02_VERSIONS/v44/formalisation_feuillets_binet_birefringence_selling_polaire_v44.pdf	2243050	c54d1b1e0f6eff84741ac8120d598e21a260af4b767a456f916cd00c40bfc13b
02_VERSIONS/v44/formalisation_feuillets_binet_birefringence_selling_polaire_v44.tex	674695	ba910edb52875f73bba9bc8e6373c36fcbd4726e4ac09409c6fac4a382032d43
02_VERSIONS/v45/formalisation_feuillets_binet_birefringence_selling_polaire_v45.pdf	2266532	05e7370ef8129d141fb5fec3bedc993a85d8f1ba1d7d869a66b9a7836af8300a
02_VERSIONS/v45/formalisation_feuillets_binet_birefringence_selling_polaire_v45.tex	685524	7fb323e5218fe9ca92b45197e7397f56e01ed7a86a54fda474fea1dae4e6422f
02_VERSIONS/v46/formalisation_feuillets_binet_birefringence_selling_polaire_v46.pdf	2288408	c39a7957765046383a32eeb95147237cc5b1589279d8993300d80a29492b9644
02_VERSIONS/v46/formalisation_feuillets_binet_birefringence_selling_polaire_v46.tex	695703	f98b63df6b3aaebbed3a22b7c0464bed478692fd10474d67b726aadc6bd0ecf7
02_VERSIONS/v47/formalisation_feuillets_binet_birefringence_selling_polaire_v47.pdf	2308150	b932fc05070e3710a636ac356e84f42d0da94c9b2aa004474beb72b291eec35c
02_VERSIONS/v47/formalisation_feuillets_binet_birefringence_selling_polaire_v47.tex	706624	674eefe74b2608f1415c2976614807b870325700d00c95fe7fc3e2274bcdce91
02_VERSIONS/v48/formalisation_feuillets_binet_birefringence_selling_polaire_v48.pdf	2329975	803a6e3d479ba64ddc65ddf3b3aad0eb3903a41d9b4b885d3ee0efeb0782f612
02_VERSIONS/v48/formalisation_feuillets_binet_birefringence_selling_polaire_v48.tex	716156	86a72da5d9f8208e1134ce18f17d53d6b6b072ebed6a4814ee6501d18aec3b3d
02_VERSIONS/v49/formalisation_feuillets_binet_birefringence_selling_polaire_v49.pdf	2360220	491a2be9b3722565e52c4c89641df2c5516862fc10616cb21dda788a4c5c8c8b
02_VERSIONS/v49/formalisation_feuillets_binet_birefringence_selling_polaire_v49.tex	729648	2368143138e77fea090402904828ae6cc0ab53b8766a42489c6c973b5afa537c
02_VERSIONS/v50/formalisation_feuillets_binet_birefringence_selling_polaire_v50.pdf	2394762	cfcf7d8692c30a39920f05592de1572c38f00c15f4c02589f5a20cef6cd3fa93
02_VERSIONS/v50/formalisation_feuillets_binet_birefringence_selling_polaire_v50.tex	744095	d2b8847e9301ba566a4accb9feb515ef13ba5e47a2945cba945e15bbdd539e20
02_VERSIONS/v51/formalisation_feuillets_binet_birefringence_selling_polaire_v51.pdf	2419533	be1a134deff2773d50aae9c9bbbc487e51eb160592c3500f69cd42f096916192
02_VERSIONS/v51/formalisation_feuillets_binet_birefringence_selling_polaire_v51.tex	755480	ed358a38ae1a1fed5fe9a69a8cb2e6771323d299aece535fd6352640c6190477
02_VERSIONS/v52/formalisation_feuillets_binet_birefringence_selling_polaire_v52.pdf	2443280	68c2955a81953d8b8a0a110c5d2f57c501327529ff51c9e8c4a78416336c181d
02_VERSIONS/v52/formalisation_feuillets_binet_birefringence_selling_polaire_v52.tex	765425	6d9076428dc006d30e7e0c3142384afc8356db936b09af40cca090386b2676ba
02_VERSIONS/v53/formalisation_feuillets_binet_birefringence_selling_polaire_v53.pdf	2483227	7db8718e541fab2d9e3ecbb0660c585f348b768ab7deb944d8d164b76bf75f0c
02_VERSIONS/v53/formalisation_feuillets_binet_birefringence_selling_polaire_v53.tex	774350	ba2a21715b00962d33e7ca7fe2a55c2928c7759b74d6aea659d04a7bb31b7f6a
03_SCRIPTS/v34/verify_selling_mixed_groupoid_phase_v34.py	22286	dc6546290cc90339035ba89df07bd92c50b8c318ae4dc8cbaa4dc3496fb93c57
03_SCRIPTS/v35/verify_deck_fundamental_phase_v35.py	20535	fa0ee4d850b71d2b97708f2b129d4df8d797ec4f229c4830970b3ab08281e634
03_SCRIPTS/v36/verify_selling_domain_roof_gamma3_v36.py	23053	dc50178a1422dc064558f924b6b03a8ff46b1ba75ae6b299d948b8b7e28ba656
03_SCRIPTS/v37/vectorize_selling_fig1_v37.py	14544	ea691451bdf2b891d6b9ba9a88e8f5f1efbedbe899ea8d054848ec470c05cf38
03_SCRIPTS/v37/verify_plate_vector_syzygy_ternary_v37.py	23245	951705bc166a2c6e144c14024bcb77bbdcaf19088937c7fb090c7c08aeee0b77
03_SCRIPTS/v38/canonicalize_pdf_v38.py	397	3c22d0491c8e9fd8cb64ce1bf0ccfc20a669aa311a84d16ade4c1e39afd3ac2d
03_SCRIPTS/v38/vectorize_selling_fig1_photo_v38.py	10842	1e9246f0600e81432daa85126a37388b6231fc022e6bad1d9eea0764666e1b18
03_SCRIPTS/v38/verify_field_fox_projective_v38.py	4857	ca09152831e331d8a2ab5804c771ec292082e2a5f831f0a51a054fdeffbee554
03_SCRIPTS/v39/verify_field_fox_projective_v39.py	26985	5053dedce69af6e799fe5810d833e80868941873af74ace7b45cc1454d4d2377
03_SCRIPTS/v40/canonicalize_pdf_v40.py	399	19fe14abbd9233817403ffab0e54462013f93daa73b0e138498049c4e4f00d2b
03_SCRIPTS/v40/verify_field_fox_projective_v40.py	26942	a431561349e4811a62efd912d700776c30bfe5e7bc21ccba24f6f36beff6c48c
03_SCRIPTS/v41/canonicalize_pdf_v41.py	400	e744472d13b63090f6fb94c49bc4a58ff7a765fd7dc6f37f9bd2ae112ca2e531
03_SCRIPTS/v41/verify_field_fox_projective_v41.py	28617	007bbcaff0c6496ea305ba5999e338b55f576e0888043221991362c04873e08f
03_SCRIPTS/v42/canonicalize_pdf_v42.py	400	4b91a1acd0c09f701821af223ca6b5ea1d8a77a96095398ea24217b839098ef5
03_SCRIPTS/v42/verify_field_fox_projective_v42.py	20280	4ef4b9a66ef39d8e4639d796b6172ed34274218872161a81671c6cd3bba243e6
03_SCRIPTS/v43/canonicalize_pdf_v43.py	400	38bd284f8dbe623d9c3a056a34890d44e5210ce1190002b1022675241efb3f74
03_SCRIPTS/v43/verify_field_fox_projective_v43.py	21879	9dd17f91a7138bda25f7720c2502db706df88c1b3b527109a25958d49c64fdfe
03_SCRIPTS/v44/canonicalize_pdf_v44.py	399	75791bf2e5147c42e1c343d0fd9237c9ccc25ff7d841dcb7c26e2994215cd1b4
03_SCRIPTS/v44/verify_field_fox_projective_v44.py	23963	4195213e6515c6a8799f94b6c16d8d914f574d0b73e09245edb2da2004b5116e
03_SCRIPTS/v45/canonicalize_pdf_v45.py	399	52bafb67ed54ccbb47de9ee28e7977fea614cf01d51cee1f4121275e9c65cfdf
03_SCRIPTS/v45/detect_selling_axes_v45.py	7363	bfcd9e59ca3ff773142e0c67feeaac4a6edff50b97e51c0bb6857b0d216c4220
03_SCRIPTS/v45/enumerate_gamma3_five_v45.py	1735	336bf64c07b4ea41686e1d2354330b231e7db1f42d479010fca8921a2a2e4578
03_SCRIPTS/v45/enumerate_gamma3_quadruple_v45.py	5230	532126a5a587c49669757be7b00b0d67dca1de90f816ebdf7acb5cbc80c3a4fc
03_SCRIPTS/v45/enumerate_gamma3_six_v45.py	4562	f00a240fad7b6c9497ebddd66367228ae64ec14feba955c0e2fcb9c8c7026afa
03_SCRIPTS/v45/verify_field_fox_projective_v45.py	10927	8ee4a6b18dcd73a33bce096ac6b498749a504b09523573cb0d5160ec6bf23c23
03_SCRIPTS/v46/analyze_gamma3_character_residual_v46.py	5788	2ae06fae6a11fed4744aa33b0e249fdd632d02bd870f2c9016c47aa93633d9f7
03_SCRIPTS/v46/analyze_selling_axes_v46.py	5731	df3eb749085d3b720721d26d68b1ca48def15d2fb5286b48d41b1afe8f81a19e
03_SCRIPTS/v46/canonicalize_pdf_v46.py	399	ac5bba1d987b0780de06999594b05cce2d8fb2d9d485fec3f8849123ce108223
03_SCRIPTS/v46/verify_field_fox_projective_v46.py	10035	9efa9beca5be311cd27b116165d2827f3bd1d1208b274ffc63c719ee8a9b77d0
03_SCRIPTS/v47/analyze_gamma3_radius2_v47.py	8613	4fc73f51356fd94a94c5c81e2a07f81f0937e378eb2022a7ab50420ca2fd2614
03_SCRIPTS/v47/analyze_selling_transcription_v47.py	6386	0ca00d74b1bd0e1cf7e3a5f1938ab6eb563e7a5dfbda328d1868e1862063a008
03_SCRIPTS/v47/canonicalize_pdf_v47.py	705	b0861a90857229283d4d1a2d3b9377ec7ebd5230ebde1d61fe4f92aaac5887f0
03_SCRIPTS/v47/verify_field_fox_projective_v47.py	11961	7a70bb0009f1c4751c4b024e2e997b2abf5e3fd796dcb297c31125d08bce014f
03_SCRIPTS/v48/canonicalize_pdf_v48.py	619	2ab0ca7a47f5523019864edd2299cd3149b0815ab689b51bd7958150faf6f1fe
03_SCRIPTS/v48/verify_field_fox_projective_v48.py	7615	c1926c28ee5465ad26371f4797d3d09914db5a4758d1971bccfd7b625da3406a
03_SCRIPTS/v48/verify_gamma3_radius3_mod4_v48.py	3693	241fae1e3fd2de8edb1d9c28bcf0e858ef868ca2446664bf8a976ad86f692157
03_SCRIPTS/v49/canonicalize_pdf_v49.py	638	cb4d50c8dd7b19e4fc6aa1f5393b99b1fbb6a7af9b8ea251c160c703bb7e4e5d
03_SCRIPTS/v49/selling_reconstruction_engine_v49.py	9217	0658d0ef73b009df6f5f0da875b3a611dd6f4e9a748207da08eff7081215f88d
03_SCRIPTS/v49/verify_field_fox_projective_v49.py	5459	dd9cf842e6f5645b9fbc9006650de19ea53b593beb10682310c23e5a4f1210b3
03_SCRIPTS/v50/analyze_gamma3_overlap_reversion_v50.py	3217	f82822cf2db45f6b4833c6ea606bd661860e913655da786c424d4e13766f79a5
03_SCRIPTS/v50/analyze_orbifold_cochain_spaces_v50.py	3784	32e9aba27edcda3b7dd67bed7184e9b1cea3bba2485dabe9e4ffd263162cac46
03_SCRIPTS/v50/assemble_face_cycles_v50.py	3287	d426a388096c17d5079c79bad20d95865a91d02adfbb362e04219937d6663b13
03_SCRIPTS/v50/audit_ambiguous_wall_factors_v50.py	1822	2f6219a9e5f477f1e04c197a919a9db6fc062140a6006ae2b80059e1d3a834a2
03_SCRIPTS/v50/audit_historical_cohomology_Z_v50.py	7355	e0aac2b2440ee578b3e4e33449bb097d7e38fcac1c196f6f8083b32a6d29551f
03_SCRIPTS/v50/audit_regular_transport_gate_v50.py	6933	e2403ba965ec03b608f03b0dae0a0a196d616bf3a603c73307b7ec39bbb0ece2
03_SCRIPTS/v50/build_cover_local_system_descent_v50.py	15340	afd81300ec09baa275687b75508632f273aee42f3da917114321e5c692fa81e4
03_SCRIPTS/v50/build_deterministic_zip_v50.py	646	e45981509db64022347760c3df296fbe091502c5c2d8d8ed006c72e5bacf407f
03_SCRIPTS/v50/build_edge_orbits_v50.py	4619	55d764769947cfc32ca7efc142c89a6d2860e341312cf4db70eab2aae9338069
03_SCRIPTS/v50/build_field_orbigroupoid_v50.py	6949	b88fceb8436a287b6d1801c5263b95c714818df0bfdac9b2bf81a38d7f35dcb4
03_SCRIPTS/v50/build_four_sheet_deck_cover_v50.py	12489	c5cb1ce94a79b2d7669b9d48c6c5c277acb045e10c2c42716c0de98e593a5dd0
03_SCRIPTS/v50/build_global_chain_complex_v50.py	3339	b6a5b46be500beddff70a9091b09bf5cddd61a36578c6b6ba7e2955001c7a4f7
03_SCRIPTS/v50/build_integral_orbifold_cochains_v50.py	5937	cf2c13bc16f7b012deaa7d566d4694ea8687de1e886ccdc487fa07de63dbbba0
03_SCRIPTS/v50/build_orbifold_cochains_fast_v50.py	6567	0447952a75404c51ae347d5922df3aa43fcad5fa8a0184ea80afa456322fe83e
03_SCRIPTS/v50/build_orbifold_cochains_v50.py	5916	6de296c307a5f4ab16c87b8b193f39c768a58485318ca8c23c4e1815208501ff
03_SCRIPTS/v50/build_regular_TU_quotient_v50.py	11262	cd74c9dc8445d732d899ea5e2779657702bcd4ddd3a3387907d98b81bd42b16c
03_SCRIPTS/v50/build_vertex_orbits_v50.py	5210	d228a0d931f2caa8a00587c733613b1e877ac171341e4df0400b3ae3c7ce9274
03_SCRIPTS/v50/canonicalize_pdf_v50.py	638	0f476455f773daa6191ac7efb91dbf9bfbd02f55e5c0d0f68ea87bde1bcba28c
03_SCRIPTS/v50/certify_edge_orbits_exact_v50.py	11550	d2263525b02d34185bd1878410f7b2669ca394e151e8e39677a471ad53462a66
03_SCRIPTS/v50/certify_F29_V4_stack_repair_v50.py	5744	2f10406254ebbe8873aa17dda4ac0f479cfa1a99a643bf36129f70432637a289
03_SCRIPTS/v50/certify_face_vertices_v50.py	5604	9224383bf703f82bff872fe88e6dacc43deed043f117fc263ea0238f0399759c
03_SCRIPTS/v50/certify_face_vertices_v50b.py	5612	6ced8c595c38a1b1417cbdc590ff118eab5e0630133db30ba2ed48568ee3e5f1
03_SCRIPTS/v50/certify_face_vertices_v50c.py	6799	f85122509cd99bc98fe1fccf2cc7c698435e423f0c974c42571c62f72886d934
03_SCRIPTS/v50/check_TU_window_v50.py	1663	ac034e4de14a25175af2b68ae755b1d393af3485d47971800b747a1337b20001
03_SCRIPTS/v50/check_TU_window_v50_fast.py	1766	42f5ff17f321374a5320975f31025317b17d7d484a03edade9d4e58fb593b85c
03_SCRIPTS/v50/compute_historical_cohomology_Q_v50.py	4550	39947fe3d1d5f8238c6c9da0eb0bf65a0d8d0ebbb6c294510124c595338d7433
03_SCRIPTS/v50/compute_historical_cohomology_v50.py	6215	047c75a117878bf2d805cb37dbeaece8412c22bdf78f1c2063656d05d66e22c3
03_SCRIPTS/v50/compute_integral_cohomology_v50.py	3197	5c5447043a0b03018d63aa9bf5783b68d94b1910e688d55aaca043ec21d10c01
03_SCRIPTS/v50/enumerate_forms_crossing_v50_save_rej.py	2079	3fba7a676dc4a9d8366cd3d4da1a188eaac0a01769529cbdc9a22a3bc417fbd0
03_SCRIPTS/v50/enumerate_reduced_forms_v50.py	6111	253d7bab3b43810b65607307697a3b522361f9391d5e85a118588c3ecddfdbb3
03_SCRIPTS/v50/exact_boundary_arc_classifier_v50.py	6621	0a26db1ecb53f20fb4da4fcb4cc3c88e5cb76eb6eafe48a441d749ccea9bff41
03_SCRIPTS/v50/exact_TU_field_bfs_resume_v50.py	3114	03976212d3aadcee35722f664d3a204b79a7e72afc9612cb903ebb12c0027358
03_SCRIPTS/v50/exact_TU_field_bfs_v50.py	3414	bbcfa911f64a33ad05cdacf9b942aca596af2b5e553fb501952b7f669c7efb8e
03_SCRIPTS/v50/exact_TU_field_bfs_v50_fast.py	2717	8b7cde0cb8c54e526506d393be87008a36de98a5a7777a301e1c5323b14d2ab9
03_SCRIPTS/v50/explore_neighbor_cells_v50.py	3049	36d9baf18e5c275881be45cecef727acfc1b31de8a31f0c68571eadfb79e5a95
03_SCRIPTS/v50/extract_orbifold_links_v50.py	4300	3562b1ac5208d52084526e224ed5a8012868254709994e83b997ac245bb75000
03_SCRIPTS/v50/pair_quotient_edges_v50.py	3674	1fc8df72191d79cbae8dfa9cfd941446cd1b4ed0aea9b57fbf27a1d920cf2e5e
03_SCRIPTS/v50/pair_quotient_edges_v50_tu.py	3680	1d7f9e9e320c66442ae99d1af2d060ef0afe28a244f165058a2941daf01c634a
03_SCRIPTS/v50/route_field_margin_v50.py	2498	2f25b252442b8b127dc8eed0ef5b090eb5cfd6ca0975e781c020f3dcffb4efea
03_SCRIPTS/v50/selling_fissure_rur_v50.py	9164	ce844758192c2f5a1433b4db36c07bda68fb73e1a3f28b30708edf49e559e073
03_SCRIPTS/v50/selling_global_wall_linearization_v50.py	4807	daeaab68ea97eae2ae3a60409d3eb06b2830d12b9884494cb976731e146667fc
03_SCRIPTS/v50/selling_Q2_first_cell_v50.py	9343	159775b60c4f7c90f2239a151cd83d3739ac5fc9bd264465946687d75c501e6c
03_SCRIPTS/v50/selling_Q2_local_patch_v50.py	10160	8d908ff9ffe86daad4204280061db677f887f1dbabf70d5ffa041ab38c231711
03_SCRIPTS/v50/selling_reconstruction_engine_v50.py	15447	0a00e40c0e3e173283bf97c6c3be1b52ae24da2a505ddd6d10d44afed6fcc6d0
03_SCRIPTS/v50/test_F29_field_functor_gate_v50.py	5802	3594ff6cba765ca687540f64e27129df15621329bc2b2142310d5825348cecd4
03_SCRIPTS/v50/test_snf_v50.py	779	3073b9becd768f115e8ac700cfff012736561a08caa42b57d2b82776fa089f71
03_SCRIPTS/v50/verify_field_fox_projective_v50.py	7450	1cc7fd19fdd920b999d31c181001c606cd32f3fcf8f9ee7c8458f0e1d2e58ffe
03_SCRIPTS/v50/verify_four_sheet_descent_v50.py	2862	cf29804d3235fd495ac9c3917a859c599350aa99c03d2154e8ae16d598b8198c
03_SCRIPTS/v50/verify_gamma3_radius4_mod4_v50.py	4193	60be88e0542701aab2d92d9599c47647f71c55015ff70462027217fe05aaefc8
03_SCRIPTS/v50/verify_selling_Q0_repetition_v50.py	11256	bb5293f2e663a823d3ed45c89147b49e45d704b7f02abcd73c8626afc3fe8713
03_SCRIPTS/v50/verify_selling_Q2_first_cell_v50.py	956	6e05867162af180f474b92729b3ace727646ac5fffe443c175117e8c5a6c972c
03_SCRIPTS/v50/verify_v50_historical_cohomology.py	3278	584f64099e7c8f8a634aeb1d2f189db450bcb611cb49ca7d84d5cae183addcd7
03_SCRIPTS/v50/verify_v50_local_system_descent.py	2620	5f5962605453f654933cf654a7add742a4439c055233943213a3c61db388c063
03_SCRIPTS/v50/verify_v50_orbigroupoid_gate.py	4182	0ed5f7011ed286a2f0cdda6970acfe08a064029173888d50d6bf6a909495ff09
03_SCRIPTS/v51/analyze_gamma3_radius5_residual_lattice_v51.py	4130	24d031036005a68439e2e7ae65791cdecb93947c53e1fae0990293bca6ae7b4d
03_SCRIPTS/v51/analyze_torsion_supports_v51.py	5939	0126169600c12025408b1cf14b603149307e6ad3bb3b36f94055d038902acb81
03_SCRIPTS/v51/audit_raster_bold_cycle_v51.py	3600	78a2ffd6a725f6f5ccb2480d614b8d7a9a2be6ab853d6d7d39b08d564633047f
03_SCRIPTS/v51/audit_source_raster_projective_bold_cycle_v51.py	2373	f1add778253b865e166866696560cb6b443ae1cbe3fbd7d08efb848df638d743
03_SCRIPTS/v51/build_deterministic_zip_v51.py	646	e45981509db64022347760c3df296fbe091502c5c2d8d8ed006c72e5bacf407f
03_SCRIPTS/v51/build_v51_formal_context_and_checkpoint.py	6431	cb74b8b9ff393c183d00f644f5dbcc81829ca78cba36b8f72aaa63c9aab02068
03_SCRIPTS/v51/canonicalize_pdf_v51.py	612	403e59444dd388838f744c2d59f59373dc141abb684ce4c54467ddd239a865f7
03_SCRIPTS/v51/certify_gamma3_radius5_fourfiber_nogo_v51.py	4192	394cfa55b53c123edba0ae243eea619af4af03b581eb440a50ae135f9584c0fa
03_SCRIPTS/v51/certify_raster_HC_signature_identifiability_v51.py	3413	7c187d50120bc24a958d8b2db7b05945b0f5e18c4bb6009dd59baea458c32946
03_SCRIPTS/v51/certify_selling_axes_centres_source_v51.py	3730	4fe49f383bc029d3130fe22ef15e9d9dcd92e2236ec8e7bf10cd75810994540a
03_SCRIPTS/v51/certify_selling_HC_stabilizers_v51.py	2058	a07250a598b0199a52aeac18cc7cfdf8e1c03b91fb7faedf1005c0bdf8a69f45
03_SCRIPTS/v51/construct_gamma3_radius5_quotient_cycle_v51.py	5837	83ca40cb667c53cb874e07fc459dc4706759016aa123de4a2292a98908772ae9
03_SCRIPTS/v51/extract_source_HC_local_stars_v51.py	1989	545eabfbc4f98ea90274b9abb05a4bb7b1a7b78586a9b2672a36f36da28851bd
03_SCRIPTS/v51/gamma3_radius5_support_probe_v51.py	2660	ae17d9c1d966707d8794feb9ab98f58409bac0fd5188626cedd465f7a6b49d3f
03_SCRIPTS/v51/iterate_gamma3_radius5_kernel_correction_v51.py	7288	3c670a68fc5b32c58a7f073122d2d7aee3957126ddb9ae6f31cdb80795ae3148
03_SCRIPTS/v51/verify_field_fox_projective_v51.py	3944	c771fd448c8b867042dbb421c8c6141e1ad7fa17039ec4e36f70455a9ce96f81
03_SCRIPTS/v51/verify_gamma3_radius5_iterated_certificate_v51.py	4185	83453706cacfd4bb2cf5e6f69f6f7b3e7264a31e2cd29bc16a224db22361d575
03_SCRIPTS/v51/verify_v51_frontier_checkpoint.py	7561	1911a167bb3eee0667c51e296332ef55ce6492ce765865b17df9bc52d7398295
03_SCRIPTS/v52/build_exact_triangulated_BSB_P084_K12_v52.py	12145	9b172a89e5d35c5a727d6603ec0b9f4ab9efaa2d064ed60c428567934cf9ddea
03_SCRIPTS/v52/build_fig3_6_typed_fusion_v52.py	3497	1b5472c919580a897b8352c83cc9c2ea4b74e488a55dcc2084fe781630f7d316
03_SCRIPTS/v52/build_final_123_propagation_v52.py	6079	8ff9ef6ea3ecf235df3a872f6a77fdb610c0cd417eac0fb5c049071c77c2abcd
03_SCRIPTS/v52/canonicalize_pdf_v52.py	628	aa5761e467f0a2d3da30c272982906cd9583a99ca077c72d741019b0664ebe1d
03_SCRIPTS/v52/rebuild_global_curvilinear_warp_BSB_P084_v52.py	10274	561bf19447b1b3a87a0e0609db2e481441de12338e41021c6111b1e6206c5f27
03_SCRIPTS/v52/verify_field_fox_projective_v52.py	3993	243cb61013034d46657a3122bf7f0a7cc6931c3a3272cf694130922cedbb3dee
03_SCRIPTS/v52/verify_v52_final_gate.py	7694	260e53344ffd42ee8592a05ed2d373a5a1d886dfeedc21d96bc5ae648281885d
03_SCRIPTS/v53/build_bundle_tree_v53.py	6844	3c0317b646dd4741d0ee11f22109c94e5277b8263db1d8b2b12fd96339339d65
03_SCRIPTS/v53/build_deterministic_zip_v53.py	608	dae5277ed2245c6b9a8c3b93797c6a5e999160b253be5c043cf6b53f2406da5b
03_SCRIPTS/v53/canonicalize_pdf_v53.py	628	133f518a89a1812526297fb47704fbc2585b44472306460e6278ba16ad6da4e0
03_SCRIPTS/v53/run_v53_pdf_qa.py	3226	59cba4fa1c4fc92e497835ac57b0849f43df168b17fa9e5883be3a3901adaf94
03_SCRIPTS/v53/verify_chires14_b5_global_dual_v53.cpp	5112	21abdb63aa75cd4c99eabe773fd7112aa52849a1d6dae8edaed09ad44edf5a27
03_SCRIPTS/v53/verify_field_fox_projective_v53.py	6752	32a175bf8afcfcabbaf07a8c23fe08a9acc568dd5f5f3b4c4444aed886776e7d
03_SCRIPTS/v53/verify_selling_fig2_6_common_functor_v53.py	3158	027e40cae55a620232ee4b13994ec45ba0e6e95443355071f4bb90174c8b5785
04_CERTIFICATS/v00/roof_rail_recurrence_certificate_v0_1.json	6468	55db984cf50c509dee312851131127a30d5a975acd014196425f3e855999bd72
04_CERTIFICATS/v34/selling_mixed_groupoid_phase_v34_certificate.json	27017	f8eb53196f3ccfa10265b57065eb03c5ab9444c84548feb40e07067a4edb1198
04_CERTIFICATS/v35/deck_fundamental_phase_v35_certificate.json	13998	02332630e1be45fae2ccd3d29e2d2cd39f51f9c40ce20141859c3da052561dfc
04_CERTIFICATS/v35/v35_ATOMIC_COMPLETION_TOKEN.json	3430	203be9b36b84c52b41b17ef87adf91979244fe8ad0f2d2fcd976250ae2d2f718
04_CERTIFICATS/v35/v35_formal_rigor_audit.json	2478	df724a87a4260958e970be81ac01867ce6365866298a956f23dde71789ec8f45
04_CERTIFICATS/v35/v35_POSTSEAL_REPLAY_REPORT.json	574	f44abedb9753f1ea52a2447c93bc42caa2faaa0bb27fd9e3501afee0d5a0311f
04_CERTIFICATS/v36/selling_domain_roof_gamma3_v36_certificate.json	11304	b7b255df51ce9a3b72656eb5ae27fabb209d6747734364850e633084339ec048
04_CERTIFICATS/v36/v36_DELIVERY_INDEX.txt	805	285e9bb256b9f7867eeb57e663398fb0dac21ad049e0d441d84e2bde5daaa2bc
04_CERTIFICATS/v36/v36_formal_rigor_audit.json	2123	4ca18b7fc36567eb4d8feb739052a5e2396f2ec9144fc751b955f3baea20d634
04_CERTIFICATS/v36/v36_SHA256SUMS.txt	3188	1daa15ca5c07b995b7ada70a8fa2b1c7e6b3176ed7ce14084699e9df2fdd844b
04_CERTIFICATS/v36/v36_SOURCE_CONTEXT.json	1566	658122386ee3f6705c2982cc6d8bc03803b3274b42e7734e99b1971570c46349
04_CERTIFICATS/v37/pending_morphism_registry_v37.json	2994	ebe8500e2dd221399d2ffbcfea8f77c9433068d5fefd15f054ae9cd46a339a96
04_CERTIFICATS/v37/plate_syzygy_ternary_v37_certificate.json	15402	c15d4cbd1dc22809b13f62b101b6d55265841d88cf0d8f8d00e5b72f93316340
04_CERTIFICATS/v37/selling_fig1_vectorization_manifest_v37.json	1568	eb18f2df036407507b10a2777d1fcd97cc4c54220dda2caef4e7b71b07cee821
04_CERTIFICATS/v37/v37_DELIVERY_INDEX.txt	1287	ebafc5e6c316be1fe883caff3756728574dd929cc5f165634dd6e82c4f1df487
04_CERTIFICATS/v37/v37_formal_rigor_audit.json	2458	afb30742665b3a058d733043ed6320b2255f20396023cebad2711a34940e7bbf
04_CERTIFICATS/v37/v37_SHA256SUMS.txt	5616	9f14bb7e1e31ad86bd27c4ceed341544b5bb4b6b3777e416544488bbc204951f
04_CERTIFICATS/v37/v37_SOURCE_CONTEXT.json	1125	549638cb90bdc4cc7eb91372ce68d48da13a8cb45bbd9c8cf2a1114517a77ae6
04_CERTIFICATS/v38/pending_morphism_registry_v38.json	3530	23711ffd5c69617ed50fe8b79492bb0679161d8698e153b8028157a5450c66d3
04_CERTIFICATS/v38/v38_DELIVERY_INDEX.txt	1987	a220b7f267c27b234553f0ff1d74e9fbd5aa8748a1a79ab83b74fa1d8d727e56
04_CERTIFICATS/v38/v38_formal_rigor_audit.json	2756	917bc82ce72dc60c063d8e747ff132f170207e72df5f4a9843e7ef00d1b82b23
04_CERTIFICATS/v38/v38_PDF_QA_REPORT.json	1134	7a883901dd2abd2e1e215551a6a834b0f5847b4e45d4baea9873bc7876a237ec
04_CERTIFICATS/v38/v38_SEAL_MANIFEST.json	14507	f15a1de70249de1a5cb3617923e903d42eb12f7fc337f15d916dfe9ec25ee432
04_CERTIFICATS/v38/v38_SHA256SUMS.txt	8579	8ff757c91b31197cc2563aaafca5c910c79ddd10eee46f1a0dd0c05cb2b25bc8
04_CERTIFICATS/v38/v38_SOURCE_CONTEXT.json	1214	1e0a9be8c9888ab1710f65953e7b09f653a651e4cba6ee6b5931315396b2cdf9
04_CERTIFICATS/v38/v38_VERIFICATION_REPORT.json	345	f9809e56e15ba3ade1ab286f0fda9d94bb36001389640955615c78fab26dee6a
04_CERTIFICATS/v39/pending_morphism_registry_v39.json	3816	cfadc3b7411476b5a93d343b8a43652a3b5dce2d0b74d8521e52e722ad287cae
04_CERTIFICATS/v39/v39_formal_rigor_audit.json	3171	ac2486a0e6f318858339377a25879089f37e82c32bebacb0636962f09853afeb
04_CERTIFICATS/v39/v39_PDF_QA_REPORT.json	936	ab43d0168fbb84a12489116b496a3d969593dbaf09dfd4c37dbf01faba3668a8
04_CERTIFICATS/v39/v39_SEAL_MANIFEST.json	17541	88b16693beb60b9285fad6ed0d115b8c8a7b060f4d2d2154352d861a50301546
04_CERTIFICATS/v39/v39_SHA256SUMS.txt	10093	a79b1b6b13a54768bc4ad43b6bb5b1f6425b5b63bcb3f2140cfcbdde820ec1d0
04_CERTIFICATS/v39/v39_SOURCE_CONTEXT.json	2702	4f51408af9f0440c23e93d3b353dcb980e82651a449c7d60e5a1aa87f8bd3fc4
04_CERTIFICATS/v39/v39_VERIFICATION_REPORT.json	1119	42890011e6ea1cc79495f27867e231df0551fba9f126c109aa1fc3e27dfb6024
04_CERTIFICATS/v40/pending_morphism_registry_v40.json	3271	7dcf018bc5f2e3e21ffd4ca6e5d8c18091f434804e2cf1a018d288d86539c5a1
04_CERTIFICATS/v40/v40_formal_rigor_audit.json	2914	86ea4c0448eb8ad35606019f5816a275e85500619d6de58c7d54b0436a3d572a
04_CERTIFICATS/v40/v40_PDF_QA_REPORT.json	1257	94fcdbf340fd20b04ade19f43620f66f470c4bf3899a0955e9b3023c10980898
04_CERTIFICATS/v40/v40_SEAL_MANIFEST.json	21262	203ab354ee5f7f11f43034ef5cf5d0542fffeec17d25231f026691f03ea13ef8
04_CERTIFICATS/v40/v40_SHA256SUMS.txt	12273	c719f73942611c7d01cbb2564d8e6859a89b6c85b2e22fa24df4536f30ef5a0e
04_CERTIFICATS/v40/v40_SOURCE_CONTEXT.json	1237	8dd8bfbd7fb8e587a70d35f552a65e771a390d429fdac9548e551b6eb8b71558
04_CERTIFICATS/v40/v40_VERIFICATION_REPORT.json	1168	4e2ae4f607e73750c36553e5be653729ca4b6f860d0c4a22996b459b5ea04385
04_CERTIFICATS/v41/pending_morphism_registry_v41.json	1933	874588fded65bbdea520a85246d8e5dd221e67d764093d0a9068349af35c2d54
04_CERTIFICATS/v41/v41_formal_rigor_audit.json	3400	363a2df95ece53ba06fe38a31160ca5a6ef9d2359d2f1739bcd7504c9e6455ea
04_CERTIFICATS/v41/v41_PDF_QA_REPORT.json	1356	f6d5127ad4aff6a0ef2433619c02813d35c5ac938db62b546855b7e52229e42c
04_CERTIFICATS/v41/v41_SEAL_MANIFEST.json	25387	6252dbfaa68d4bfd8fdde469ecdc7622b21f77fc96afbaf784fe750fb9e04e31
04_CERTIFICATS/v41/v41_SHA256SUMS.txt	14808	74a20876a1752a5d6d8654aa946bde75211c6d9f052611b22e74d04525ea005d
04_CERTIFICATS/v41/v41_SOURCE_CONTEXT.json	2014	0bc00b32b829624f79a41de76defb1dccf73cfe4d30bedb0b264353c9cb2e9fc
04_CERTIFICATS/v41/v41_VERIFICATION_REPORT.json	1099	2a551533a9827c62eea9972efc38b6327143de9f5d8a676d9b2598c7b98dc769
04_CERTIFICATS/v42/pending_morphism_registry_v42.json	1875	a72bfa33ba02606422dafea71e4f459dbf656a307cb16d4a9e08469c73fb31d9
04_CERTIFICATS/v42/v42_ATOMIC_COMPLETION_TOKEN.json	713	f09667b379386e56e8bc19dd6339c6830f68e6943df77d7e87cf84508f729d1d
04_CERTIFICATS/v42/v42_formal_rigor_audit.json	3520	8a2eab8e66e6bd360ae5b31cdb20033afe27bee59f87979be997adec268afd47
04_CERTIFICATS/v42/v42_PDF_QA_REPORT.json	1327	cca60160036337cf268bc60d65ed60d0cdcc7bd37cf3dcf26d643ed80b87ecc1
04_CERTIFICATS/v42/v42_SEAL_MANIFEST.json	28985	5fff5a5642024627c7735914797243758796da0c50433703af1c1249dd06d9c7
04_CERTIFICATS/v42/v42_SHA256SUMS.txt	16994	8e8578489273f2e7b2a5ac3be19d75215f3b9f4878769d038f934c629f21910f
04_CERTIFICATS/v42/v42_SOURCE_CONTEXT.json	2159	57d0bf449c2d8d54bbc5fd298620b222f50a218efc28f19e78245a136766c1fa
04_CERTIFICATS/v42/v42_VERIFICATION_REPORT.json	935	742d814c4d54d02824b1135d55c51622dead4a55279f50c593514857860034d6
04_CERTIFICATS/v43/pending_morphism_registry_v43.json	1808	139b133cfbd365094fa7627e12486a83c3e3ea9bad8a98edeec33e112435da27
04_CERTIFICATS/v43/v43_ATOMIC_COMPLETION_TOKEN.json	2990	dcc8d5e00f9ba19f3cb48c488175b448557bb0ed1721eae00704ca1aa215b249
04_CERTIFICATS/v43/v43_formal_rigor_audit.json	4278	e1bc5ffc7344332c9146dca757c7edf809f2ef982b70305ed9b2fd68aa3b7791
04_CERTIFICATS/v43/v43_PDF_QA_REPORT.json	1106	8249626c2e55ca5eb0a4f637ec84e63898613eee0ef4ee0237cc384246add256
04_CERTIFICATS/v43/v43_POSTSEAL_REPLAY_REPORT.json	1838	73e72ddfb4fd3d2fa95afd3cecba8365b3c4a08f81fba8196be0b2736ac0f89f
04_CERTIFICATS/v43/v43_SEAL_MANIFEST.json	33633	f23743a30b2044d2cdfcf6acb9c9081797a06ad68101a3c27a403725bb598635
04_CERTIFICATS/v43/v43_SHA256SUMS.txt	19501	9ef2bb9805df5a307c9d53d6de4df86abc9beb137164644ac9ac4a806c5a4bcd
04_CERTIFICATS/v43/v43_SOURCE_CONTEXT.json	3084	304f3547fbfa992c6b76ec6b24661adce352254a4b2d872a4493509dd57ed18d
04_CERTIFICATS/v43/v43_VERIFICATION_REPORT.json	1038	4c6261a826618e8e58b035c1096236e407c853fad93a6ee75d8ec30dea78783d
04_CERTIFICATS/v44/pending_morphism_registry_v44.json	1850	16250e8f2980da21404a740e92da9cb2eff23be817f48f933d0ecf0b9a16a1fc
04_CERTIFICATS/v44/v44_DELIVERY_INDEX.txt	1754	2a13ea338570e68c581fb99798f38b7aab39cdee5a526211ea3942742f072267
04_CERTIFICATS/v44/v44_formal_rigor_audit.json	3670	334ac316b77fbe8f537cb640b0d5d9e62ad05afa738262e8a9c0bb2a477ae64c
04_CERTIFICATS/v44/v44_PDF_QA_REPORT.json	1082	6baf7487fb9fdec97ee9bbf08e79f973de343534809d315d59b599f944f6fbe2
04_CERTIFICATS/v44/v44_SEAL_MANIFEST.json	37314	fa6fa95af50a8b36aaa8db46d91781421a1e222ec02cd3e5507815c16cdbd010
04_CERTIFICATS/v44/v44_SHA256SUMS.txt	22059	a4b83271d3195f10e40fba887eb3a2c161593d65730d7e30134b473cdd6f49a2
04_CERTIFICATS/v44/v44_SOURCE_CONTEXT.json	2019	befc9f7daa9f8a88243707074e43012916f899d407a5df6a4f005e5f53c9a845
04_CERTIFICATS/v44/v44_VERIFICATION_REPORT.json	157	d8d5b45f37dbe6fc7983b02dbdc5a21e3fe03e9366bd41f98e901094949795a5
04_CERTIFICATS/v45/pending_morphism_registry_v45.json	1910	56b0817db84dac0cf18f994002829235fd1139351b57bdc6dedd25ea2c5b5ba4
04_CERTIFICATS/v45/v45_ATOMIC_COMPLETION_TOKEN.json	3224	d79634cdc036725c293a33179ef7e7283e0bd23938709f4f255d80aaf681fb23
04_CERTIFICATS/v45/v45_DELIVERY_INDEX.txt	3036	b7d9ff032fd3209bc7eb432b3a6f5858ebe3e7ad1e46d2d25d7a3b18914364f3
04_CERTIFICATS/v45/v45_formal_rigor_audit.json	878	5070a6398afa4a23550695c793114e47fc87250d05d7bf0e8bb55dfcebc843a5
04_CERTIFICATS/v45/v45_PDF_QA_REPORT.json	903	84a3a2db93d021d56a937371901a353aef3cb19de53238130725a766a00323b7
04_CERTIFICATS/v45/v45_POSTSEAL_REPLAY_REPORT.json	4247	9273307a071a5d23f629b47fd10c43abe6356bfbac3ba7a0dc836046227fa0b4
04_CERTIFICATS/v45/v45_SEAL_MANIFEST.json	41905	5cb76189376fdf4022eac24bd501f9554a76e3fd075d5bf4d9ad585041ee95d1
04_CERTIFICATS/v45/v45_SHA256SUMS.txt	24740	19fd3ee7b1bbc7008f61e8d3d9c886903a9847482402ba84899997a28f11b260
04_CERTIFICATS/v45/v45_SOURCE_CONTEXT.json	2275	c1baacb41f1d3a75169115373dabd8e7b04a46d1fa1d968f335148e16cd461aa
04_CERTIFICATS/v45/v45_VERIFICATION_REPORT.json	155	7d99ce231ef725a78d7cb7c68eb6e0daa22745bd9c0509b90511d873d2a8cd68
04_CERTIFICATS/v46/pending_morphism_registry_v46.json	1940	de6a39071b200488e5b29c097c53823f0be52014562ce00faec06693abea09f5
04_CERTIFICATS/v46/v46_ATOMIC_COMPLETION_TOKEN.json	3141	9a5071ea165c2e116f7c458a4abf5706826ea72fe2db373cc66409605728448f
04_CERTIFICATS/v46/v46_DELIVERY_INDEX.txt	2985	555c8690fabe41c8ad15813271219c5a8122355f70fcdb63b540abf7cf18a75e
04_CERTIFICATS/v46/v46_formal_rigor_audit.json	1346	c24409e995a5b72e31e946b4308e1dc092be0268dc142dadb48c3d5aa0a2288d
04_CERTIFICATS/v46/v46_PDF_QA_REPORT.json	961	32092d0d52301bad5f2d38e983c62309f28f61e0e220627f1f50f586c3205653
04_CERTIFICATS/v46/v46_POSTSEAL_REPLAY_REPORT.json	2754	a9a9ed91a8399a3e5927fcac1119f8761ae6858e40064b7aacc5c51e83f203ff
04_CERTIFICATS/v46/v46_SEAL_MANIFEST.json	46567	d6f7a4d1bf7f0021be34abd48d255721aee2ebef0da6d64bb796c037809dad1b
04_CERTIFICATS/v46/v46_SHA256SUMS.txt	27498	f8cb76908e1fccd3905413592f6289dcc2c720ced4b687a48daa02a71fef3ae8
04_CERTIFICATS/v46/v46_SOURCE_CONTEXT.json	3120	f08c7dc6d558c20e85edf5072b2261a514a181350982b36edce65c751b549744
04_CERTIFICATS/v46/v46_VERIFICATION_REPORT.json	155	cb0395d91d3ef1352fe87b13149bd732668e34e9b9d291919af1a37d2f21a312
04_CERTIFICATS/v47/pending_morphism_registry_v47.json	2338	87af9b1caf4354ee6ff0f791e416b106cc313807b305ba799b3255d48545cfa2
04_CERTIFICATS/v47/v47_ATOMIC_COMPLETION_TOKEN.json	3042	8122f6699fbba67950c28f2335c903c3b825f913bf69d081806522bd65815364
04_CERTIFICATS/v47/v47_DELIVERY_INDEX.txt	1939	11325f24823495dd2f377273e77467a3049826436e8abf78810ef30e7791f759
04_CERTIFICATS/v47/v47_formal_rigor_audit.json	1598	724042080624426afac5752090c767560b017bcc0f31158df2f42c17dbef33a2
04_CERTIFICATS/v47/v47_PDF_QA_REPORT.json	1288	59505bfba45ab63b99c80378a53348c818f6d39d440801a9235def271ddb67bb
04_CERTIFICATS/v47/v47_POSTSEAL_REPLAY_REPORT.json	2832	d6d4ed6f27e7f78b160a29149a3a30c4c1fad507b98c22330f5002438e396983
04_CERTIFICATS/v47/v47_SEAL_MANIFEST.json	53552	309f1efaf4ac50cd727770611980ef1bf0ab9e586c06e6b05021e150b02a7214
04_CERTIFICATS/v47/v47_SECTION_ORDER_AUDIT.json	4596	c27ddb5bba6411b649d5650d58e11edfa0bac854c2710d9dc8042bea129fa449
04_CERTIFICATS/v47/v47_SECTION_ORDER_AUDIT.txt	528	d72668a68ee1191e6771a68d651b4e93068bbe507179c8d255b57f5a401c1a8a
04_CERTIFICATS/v47/v47_SHA256SUMS.txt	30349	76803607e628df7011a8e522d1fd9145bd159f4e36d4a252a449ba7b73c3ffa7
04_CERTIFICATS/v47/v47_SOURCE_CONTEXT.json	3379	804507f2ce6bebc1492778bed117ee5eab794c4a2f7f65017958acd2839cada8
04_CERTIFICATS/v47/v47_VERIFICATION_REPORT.json	155	ad631e5ed0b687a1ca3a218489b186eaaf0c6495475fdd5856ed54bbb5791154
04_CERTIFICATS/v48/gamma3_radius3_mod4_dual_certificate_v48.json	39332	bfff86610c00f182f0a67d54ac14679b4784f1c22dbe5ec1cda67a2a43ed8899
04_CERTIFICATS/v48/pending_morphism_registry_v48.json	1043	1a6e20018bda6d2f78097897d19ff9a0499b8371db799ff79dcd5bd3202de0b3
04_CERTIFICATS/v48/v48_formal_rigor_audit.json	809	17046fdc5b2ba08d4670894e21407b6d7167ee4d03b2ca5a235d0e97871ac3bf
04_CERTIFICATS/v48/v48_PDF_QA_REPORT.json	2231	dba792ca451ba899dbb605b53dd380f38235bb2dc9633f6d24e9de320c36dda9
04_CERTIFICATS/v48/v48_SEAL_MANIFEST.json	58020	f298a991956f3218fc5664381e679abc4dd42bc328b505070cfe5dd7dd4218f9
04_CERTIFICATS/v48/v48_SECTION_ORDER_AUDIT.json	3357	55ff868144c92908eee278228651cc44a08a603b56d8a59f131607c4b926e840
04_CERTIFICATS/v48/v48_SHA256SUMS.txt	33508	ca39d4901a53c3b0329f82c0999f29f585c59ff2280d9b277dbc59d531914f5e
04_CERTIFICATS/v48/v48_SOURCE_CONTEXT.json	1082	0cad1c0a605bb1ff67bd41f08c810e5f3701184dedb3af1e32531adf1e0bb0f7
04_CERTIFICATS/v48/v48_VERIFICATION_REPORT.json	155	003ca6d15086d5100b5a7ca1db6f4abf123d04839990a2aeabbce213230b0c0e
04_CERTIFICATS/v49/gamma3_radius2_relation_audit_v49.json	18541	8fedaac4038f650ff86105346989e15a1918f5be65ffe0213b408ccff2fca8b8
04_CERTIFICATS/v49/selling_figure_recipe_registry_v49.json	3725	2ee90687ebfdc47aeee54ab2654f8c3f5d6779f1543eb43855e06cda6705c185
04_CERTIFICATS/v49/v49_formal_rigor_audit.json	768	26e20117bf7dd41aa2d099ba85fb7943b7316b76c4835f208151172a80c82236
04_CERTIFICATS/v49/v49_PDF_QA_REPORT.json	983	473cbbed7c504c163f98fb3be86ac32c5f6e64160110041e14993967f45b62f3
04_CERTIFICATS/v49/v49_SEAL_MANIFEST.json	61736	6ebe69707fca79b77b1bdb08bf82ff92a01ef46a1ad10d07aed1671f90a981b9
04_CERTIFICATS/v49/v49_SECTION_ORDER_AUDIT.json	599	184e3caee8d3f0408cc36a1278d1d2c4481e03b6d7a5161d064cc43c8712f2a6
04_CERTIFICATS/v49/v49_SHA256SUMS.txt	36163	5adb4ed1b05ba7aeede3ebf22c97f63f8aeca97b662a8b2b42bd61624ca8250e
04_CERTIFICATS/v49/v49_SOURCE_CONTEXT.json	833	66342396a7f84400865418f4ad3e20803385ab70f3a8f98b2d49a9ed414b9937
04_CERTIFICATS/v49/v49_VERIFICATION_REPORT.json	2375	9f1407b868ca9feb06d0f8e69bf95c2f61cf22ded3e8b95338399aa0a20974f1
04_CERTIFICATS/v50/exact_TU_field_bfs_checkpoint_v50.json	73844	abf1d5b71a9cff052aa789743909d7489aa2b86e4fb867025e7b34adb4515451
04_CERTIFICATS/v50/gamma3_radius2_overlap_reversion_audit_v50.json	3173	6cb50f3afa19655f65b3814c3ffd8020aa07682b260cc80e8f3f1e2d6740eb90
04_CERTIFICATS/v50/gamma3_radius4_mod4_dual_certificate_v50.json	92592	ee28153f8ba12487f9426516004ce36eb598da7923ea6838c736c92f516af0a3
04_CERTIFICATS/v50/selling_ambiguous_wall_factor_audit_v50.json	19554	292411862f0151dbbd47724114d4227504483094b8d94c971e52ab5e030ced8a
04_CERTIFICATS/v50/selling_edge_orbit_exact_certificates_v50.json	927012	fb15f5077ae0257856f0d006576789115d1fa68a02063990bf6057f8e455f0e8
04_CERTIFICATS/v50/selling_face_vertex_exact_certificates_v50.json	224592	30ebb380b432cb392d1f1daf043cf4ec46de3b64f1923543a18e640e44fd03b5
04_CERTIFICATS/v50/selling_first_cell_checkpoint_v50.json	873	10c82420fa8f4435fe3dfdfde37361d2c0f1ce29964a5e6a9b79e798a5f3d2a2
04_CERTIFICATS/v50/selling_historical_cohomology_descent_decision_v50.json	2508	c92e7cc50a82a1f3312659485a1cb25dcfa3e84edeba35264b07acb623e50b8f
04_CERTIFICATS/v50/selling_historical_cohomology_Z_2primary_audit_v50.json	30981	9ab1b5c2e5262d857c007c857736c9dac06f519ff613ee812e75257fb02834e0
04_CERTIFICATS/v50/selling_Q0_repetition_checkpoint_v50.json	1065	58358adabf5cb53caa2f379b921ac716cca865a3e79222fa8b84302487dfe749
04_CERTIFICATS/v50/selling_Q0_repetition_verification_v50.json	1122	4ebe7c74b9938848ed2ad5299ff3c2edc4ab90ae915b6641fdd0e520e9c9e121
04_CERTIFICATS/v50/selling_Q2_first_cell_verification_v50.json	309	6d403a6473ce3bdea255204d7a9bdd27a3638967b475f9ba6345db1e054d8cac
04_CERTIFICATS/v50/selling_Q2_local_patch_verification_v50.json	1294	34903cad896c4177f2592ecf5b0658bdc8dc0f49520af1d5c486067b48c464c6
04_CERTIFICATS/v50/selling_Q2_local_to_global_checkpoint_v50.json	836	60a59f5de322a27c3c69184c2f777ad2637ef9fd32719db567fe9246a4e6aa7b
04_CERTIFICATS/v50/v50_formal_rigor_audit.json	1611	8f2593116c48aa80b6cfc8f0284c0f48b9a8bc4cba231e8b640977a1e7f31300
04_CERTIFICATS/v50/v50_four_sheet_descent_verification.json	1263	9c94b69da60d324401224b86cbef90665bed56854a74c5ccaa575365afa0b90f
04_CERTIFICATS/v50/v50_historical_cohomology_verification.json	1695	be7e9960d49d7229ba589400ee18553ebe961cfc4123b1ca736db77d3369c723
04_CERTIFICATS/v50/v50_local_system_descent_verification.json	1205	7d57aa232fb7f3c8b1b1bcb185cd360fc00df65b39bd35dfdff46fe249515154
04_CERTIFICATS/v50/v50_orbigroupoid_gate_verification.json	5363	7b7b9328969023dc5c44af96fdbaf1c3dc858e6edab0fa55f9bf39b966641bcf
04_CERTIFICATS/v50/v50_PDF_QA_REPORT.json	825	20941dca10430bafc8f3c339d80070f5a98402cd9b0b5c9f2ff807e58b50785f
04_CERTIFICATS/v50/v50_preindustrial_math_checkpoint.json	1007	e3a41cb5a3ee622d2757323c6033690744439f0f9da0294f291c5e738bd8ed74
04_CERTIFICATS/v50/v50_SEAL_MANIFEST.json	84476	e6a0e82a2bbfe92fdecbff0c0da7b4895db040cee5cfa881cad181a9076b01e4
04_CERTIFICATS/v50/v50_SECTION_ORDER_AUDIT.json	742	65e99bfc348533da2f1f058840ae6d1eb009dbcbe7ea27ddf98bd1cae8bc53b8
04_CERTIFICATS/v50/v50_SHA256SUMS.txt	49261	34b3ffeffb4453e8cf800c1f97e87f4ec6557a75020c702f0908035582ac3290
04_CERTIFICATS/v50/v50_SOURCE_CONTEXT.json	1968	3d96465053c977e7b3c536e9ed3b9ac8cfbf0c3267cf547ab3139153e51613e1
04_CERTIFICATS/v50/v50_VERIFICATION_REPORT.json	2406	f5f7ab58d59e30f40368081fc35d376dac0075be44f9bb9d45d836646cc4fac5
04_CERTIFICATS/v51/selling_source_raster_projective_bold_cycle_audit_v51.json	1543	70b0ca39115ec1306722a74db877c0b8244eee8a8602d63beedd83dbc1993816
04_CERTIFICATS/v51/v51_ATOMIC_COMPLETION_TOKEN.json	3011	59afaebb5481296acbbdac8d6b501c41555a8802b6d76ecb5e1c39f8477200af
04_CERTIFICATS/v51/v51_DELIVERY_INDEX.txt	1262	f8cfef4a20d5e0a84ee443244a60539a8c48e32e79cd236964e2d891666a06a8
04_CERTIFICATS/v51/v51_FORMAL_CONTEXT_ATTESTATION.json	6324	ee1deacfcf37975d98f9701df241171e3d20b1247b8a45030aeb220c660c6a5e
04_CERTIFICATS/v51/v51_formal_rigor_audit.json	1107	677e678954c9da61b4b684c16946bf46592208a7f14f9d6badb8b1f7c155de6a
04_CERTIFICATS/v51/v51_frontier_checkpoint_verification.json	7295	c8aa707cd861a52bb7e941c381555fa80aeb2648e063ad893d6ba05f5bfa4be6
04_CERTIFICATS/v51/v51_MATH_CHECKPOINT.json	4026	d48ec9397e7c5b8d0c073e8c574dcfe6112a25dbf49e4692e40991e7a441588f
04_CERTIFICATS/v51/v51_PDF_QA_REPORT.json	1029	286c9f201e0c4dd14d3a62d3a534a13633dd600fe1104d2035d8e900bc4b6db3
04_CERTIFICATS/v51/v51_POSTSEAL_REPLAY_REPORT.json	1028	884f86a10e4480570d6bfa0417c5392a27c321c089a75e56e68a49c0afaa4c34
04_CERTIFICATS/v51/v51_SEAL_MANIFEST.json	92280	1f7529b46b98c2330c5ec54b24548abfcbb2aa8670ff606596c229e212dd2d07
04_CERTIFICATS/v51/v51_SECTION_ORDER_AUDIT.json	525	c099212403dce94310b2f28d56bf835086717a64f57f53596ee75de18cbc3dec
04_CERTIFICATS/v51/v51_SHA256SUMS.txt	54295	7ee673849a481a876c42b7d5f3f3f7bdf3319d176fcdb51e9075a14014cd0f03
04_CERTIFICATS/v51/v51_SOURCE_CONTEXT.json	3778	263900811653da3e4f0c4a764b6c1a6d04f445949f210733f74ae5414b24a5e6
04_CERTIFICATS/v51/v51_VERIFICATION_REPORT.json	3976	e5f027b278cf811788f5acc163060ca810bd7080c9187cceee35e1097021ad4c
04_CERTIFICATS/v52/selling_curvilinear_edge_support_audit_v52.json	648882	9679ff4deedeeba4cacc483b5a22321b0e41d6d7c3d764079c7bccc206377237
04_CERTIFICATS/v52/selling_exact_triangulated_BSB_P084_123edge_audit_K12_v52.csv	15626	61995d704b0bd0373540fea649a1d6187ec67214334057837a15a6f8669062ad
04_CERTIFICATS/v52/selling_exact_triangulated_BSB_P084_homeomorphism_certificate_K12_v52.json	699113	699bfb4ccb086dd8644ad91a3d75513d374e6b90390cd8d4b07ef8bb45b72ba4
04_CERTIFICATS/v52/selling_fig1_final_123_certificate_v52.json	35278	7bdc98dac668d8d62eb147d4692bb681239b80aeebcf1a9783a39c34d8131cac
04_CERTIFICATS/v52/selling_global_curvilinear_123edge_audit_v52.csv	19375	d80a2294e94c90babf8a9c23586d2648cc1f57cd5441137de3e74d00bded6314
04_CERTIFICATS/v52/selling_global_curvilinear_123edge_certificate_v52.json	4524	0e3ec1ecc2f7f233c81056e86d75d15f13f7fcf28fd78e393e44fb25a767b89d
04_CERTIFICATS/v52/v52_ATOMIC_COMPLETION_TOKEN.json	2968	9789b45b172db99323b3f9d4a422e27a20d3f24a8cce9dce87c4c503c6279ccc
04_CERTIFICATS/v52/v52_DELIVERY_INDEX.txt	3001	5c556cf6486ff975f842ce5544eb74dbb8f549473ba583e697275c1494eeafb7
04_CERTIFICATS/v52/v52_FORMAL_CONTEXT_ATTESTATION.json	6500	7069685710baf56dc929404562e72cd97cbb137891b760de5b9668ea7265833d
04_CERTIFICATS/v52/v52_formal_rigor_audit.json	1341	0b065f600bfff64bf1d067bda61745db81ed258699098c575db4cece5e679c53
04_CERTIFICATS/v52/v52_INDUSTRIAL_VERIFICATION_REPORT.json	2735	ce42c2bdd0c76df469ca16318f382e2dda78f86d46ca2158d4716c42da5d289b
04_CERTIFICATS/v52/v52_MATH_CHECKPOINT.json	2407	d6d5fe597dad84086c3424a86b7de9f6579c5277cca840b10a2e7c59a6103f6e
04_CERTIFICATS/v52/v52_PDF_QA_REPORT.json	1116	c13d1047c6c92717ddae1782979862dec00245e1a4c5718ae400c7412c278c87
04_CERTIFICATS/v52/v52_POSTSEAL_REPLAY_REPORT.json	1189	0d6b91df1a53ae1afa08e299e838ee6853831a44c261da54d11f07500192992e
04_CERTIFICATS/v52/v52_SEAL_MANIFEST.json	103738	5da17b4a1903abbaf8569e2a480e72f1217842c9ea64f236fd8f4e52fea5ca54
04_CERTIFICATS/v52/v52_SECTION_ORDER_AUDIT.json	743	f4ceca23c356af41b88b3cbf752a436a62864390335ca99a908a594266abb4dc
04_CERTIFICATS/v52/v52_SHA256SUMS.txt	59728	77a30bf79b08f55cc3e5959b7cba6c7b72193e09ff8dd4bc8227d442eb5dff60
04_CERTIFICATS/v52/v52_SOURCE_CONTEXT.json	4964	c9e262cf7468f739e63d33afc626af56b28fa8bb7f3c87e0c1e2046a90cbd86e
04_CERTIFICATS/v52/v52_VERIFICATION_REPORT.json	11019	1f0eba212e28554a399e8a4c3a88dd653d050a56de71629d09e7e8708d0eea73
04_CERTIFICATS/v53/v53_APPEND_ONLY_AUDIT.json	245	e6700dcc4bd0f14a02c7332aa467c342ea1df91b3a9bc7a74a64958813fe774f
04_CERTIFICATS/v53/v53_CHIRES14_REPLAY_REPORT.json	775	1025218667e7f0103e0f9d4a4d92a33dacd16c9b604a714e9566d078907259ec
04_CERTIFICATS/v53/v53_FORMAL_CONTEXT_ATTESTATION.json	427	ae2bf39597278a64d8a57f0dce93e5d996295d19e7c981b31271592314a12898
04_CERTIFICATS/v53/v53_formal_rigor_audit.json	576	b45e7221422ee2e584bcfb2560dfd2ca83834a6df6740c6d9ef4d860d70c63f5
04_CERTIFICATS/v53/v53_FRONTIER_VERIFICATION_REPORT.json	5814	c48e223211179837b1952481c0f15d10e3b95c95856d35eb6e345b99e5af4f99
04_CERTIFICATS/v53/v53_MATH_CHECKPOINT.json	1569	5dd3373604270b0bf071565c20ca156fdab3623a661ff0789e4f13dea7c588e7
04_CERTIFICATS/v53/v53_PDF_QA_REPORT.json	1477	7a2ba8ae3d5e044ed89c6d73f0ceabe077e645e87fba90d3ef2f50b6371b18d0
04_CERTIFICATS/v53/v53_SECTION_ORDER_AUDIT.json	641	dd2cc17c177fe5f6ddbc0b407c5818138d0273596bb6495af348378f10de1208
04_CERTIFICATS/v53/v53_SELLING_FUNCTOR_REPLAY_REPORT.json	803	e752cd3dc447e5a9107a0e8ff8b352504d1f84ca89ea8d1505a42b8896be1cfb
04_CERTIFICATS/v53/v53_SOURCE_CONTEXT.json	561	c6adc4eb4f43443a12c605e0efd06d434406b881cb810033ccbb2b9e4e79f39a
04_CERTIFICATS/v53/v53_VERIFICATION_REPORT.json	5434	2a5e851805a8c473e25e94f2a94c9fe0d48673793dd788fa5f21a780026b438d
05_SELLING/v53/dependencies/selling_fig2_local_compiler_v52.json	3382	0de137c938f598c7338e5e65aa4e7da7641ff06cb166f5d15cec6c5633078c5a
05_SELLING/v53/functor/selling_fig2_6_common_typed_functor_v53.json	29120	6382a8721be08f68e64fa04c12412b6aeb5778d7bae9035943923ad2950bccce
05_SELLING/v53/scripts/verify_selling_fig2_6_common_functor_v53.py	3158	027e40cae55a620232ee4b13994ec45ba0e6e95443355071f4bb90174c8b5785
06_CHIRES/v53/certificates/gamma3_radius5_global_mod8_dual_obstruction_v53.json	5670	5e29f8949bb4fe48cdde849c763190fa6b808d138565ccb519a3de39fb3eab10
06_CHIRES/v53/certificates/v53_CHIRES14_REPLAY_REPORT.json	775	1025218667e7f0103e0f9d4a4d92a33dacd16c9b604a714e9566d078907259ec
06_CHIRES/v53/data/gamma3_b5_mod8_packed.bin	88960	3c57a73cccd5720fc5e3d122cdb80395c2a805f9323d740f1bbe66b64e82a159
06_CHIRES/v53/data/gamma3_fox_mod8_terms.txt	2413	c6a0005a79c68ee9d1794bf3a56aa4f0c44b8ecf03df60d6d694dcfdf0a41e3b
06_CHIRES/v53/data/gamma3_radius5_mod8_core.bin	15828596	260ce4b5e0c09f0db2d338bc8d1173f8231b695d957a608eb63fe70c643c84c4
06_CHIRES/v53/data/gamma3_radius5_mod8_raw_dual_solution_v53.bin	747200	1674a69d25c349e036701a9a01c057ca9bc3ea7b72e916dac03f62f773f48bf6
06_CHIRES/v53/scripts/verify_chires14_b5_global_dual_v53.cpp	5112	21abdb63aa75cd4c99eabe773fd7112aa52849a1d6dae8edaed09ad44edf5a27
07_QA_SEAL/v53/reports/v53_APPEND_ONLY_AUDIT.json	245	e6700dcc4bd0f14a02c7332aa467c342ea1df91b3a9bc7a74a64958813fe774f
07_QA_SEAL/v53/reports/v53_FORMAL_CONTEXT_ATTESTATION.json	427	ae2bf39597278a64d8a57f0dce93e5d996295d19e7c981b31271592314a12898
07_QA_SEAL/v53/reports/v53_formal_rigor_audit.json	576	b45e7221422ee2e584bcfb2560dfd2ca83834a6df6740c6d9ef4d860d70c63f5
07_QA_SEAL/v53/reports/v53_MATH_CHECKPOINT.json	1569	5dd3373604270b0bf071565c20ca156fdab3623a661ff0789e4f13dea7c588e7
07_QA_SEAL/v53/reports/v53_PDF_QA_REPORT.json	1477	7a2ba8ae3d5e044ed89c6d73f0ceabe077e645e87fba90d3ef2f50b6371b18d0
07_QA_SEAL/v53/reports/v53_SECTION_ORDER_AUDIT.json	641	dd2cc17c177fe5f6ddbc0b407c5818138d0273596bb6495af348378f10de1208
07_QA_SEAL/v53/reports/v53_SOURCE_CONTEXT.json	561	c6adc4eb4f43443a12c605e0efd06d434406b881cb810033ccbb2b9e4e79f39a
07_QA_SEAL/v53/reports/v53_VERIFICATION_REPORT.json	5434	2a5e851805a8c473e25e94f2a94c9fe0d48673793dd788fa5f21a780026b438d
07_QA_SEAL/v53/TERMINAL_EXTERNALS.md	288	0084df5f4b9d49dc8e2ff8203931e4e366623bd1f833243806ec2fc4ba28de6d
07_QA_SEAL/v53/visual/contact_v53_260_268.jpg	492232	1ed7755bb7aff9a57c390082ef3f22c45508cd14ec45aacca554ba93f38bb0b9
07_QA_SEAL/v53/visual/contact_v53_269_274.jpg	393372	d6a40acb5e2fadd0563d1614a4138054c235f6b7d7ff680af647f21b1bd6a61e
