edge_id,global_curve_status,final_positive_status,basis,hax_membership,geom_support_eps,dark_support_eps,geom_median_px,geom_p95_px,was_old_108_NT,newly_resolved_from_old_NT
0,STRONG-GLOBAL-CURVILINEAR-STROKE-SUPPORT,STRONG-GLOBAL-CURVILINEAR-STROKE-SUPPORT,BSB-STROKE-SUPPORT,,1.0,1.0,0.0,0.34999999999999964,True,True
1,NT-GEOMETRIC-REALIZATION,NT-GEOMETRIC-REALIZATION,NO-POSITIVE-CERTIFICATE-YET,,0.03773584905660377,0.20754716981132076,38.05259518088089,69.53817657792924,True,False
2,NT-GEOMETRIC-REALIZATION,SOURCE-LABELLED-HAX-INCIDENCE,EXACT-V50-HAX-FACTOR + PQ-ANCHORED-RHAX-CARRIER,HAX0,0.0,0.0,76.40026177965623,83.0301115245865,True,True
3,NT-GEOMETRIC-REALIZATION,NT-GEOMETRIC-REALIZATION,NO-POSITIVE-CERTIFICATE-YET,,0.05172413793103448,0.41379310344827586,42.277760717859124,78.51927918947806,True,False
4,STRONG-GLOBAL-CURVILINEAR-STROKE-SUPPORT,STRONG-GLOBAL-CURVILINEAR-STROKE-SUPPORT,BSB-STROKE-SUPPORT,,1.0,1.0,0.0,1.0,True,True
5,NT-GEOMETRIC-REALIZATION,SOURCE-LABELLED-HAX-INCIDENCE,EXACT-V50-HAX-FACTOR + PQ-ANCHORED-RHAX-CARRIER,HAX0,0.0,0.2033898305084746,67.08203932499369,81.46992244186502,True,True
6,NT-GEOMETRIC-REALIZATION,NT-GEOMETRIC-REALIZATION,NO-POSITIVE-CERTIFICATE-YET,,0.10810810810810811,0.13513513513513514,25.179356624028344,48.422179373375954,True,False
7,NT-GEOMETRIC-REALIZATION,NT-GEOMETRIC-REALIZATION,NO-POSITIVE-CERTIFICATE-YET,,0.03225806451612903,0.1774193548387097,43.4312586815283,68.57815407521949,True,False
8,NT-GEOMETRIC-REALIZATION,NT-GEOMETRIC-REALIZATION,NO-POSITIVE-CERTIFICATE-YET,,0.0,0.0,59.90826320300064,66.09687744953062,True,False
9,NT-GEOMETRIC-REALIZATION,NT-GEOMETRIC-REALIZATION,NO-POSITIVE-CERTIFICATE-YET,,0.0,0.0,68.9492567037528,83.07706006785297,True,False
10,NT-GEOMETRIC-REALIZATION,NT-GEOMETRIC-REALIZATION,NO-POSITIVE-CERTIFICATE-YET,,0.0196078431372549,0.1503267973856209,48.0,57.0,True,False
11,NT-GEOMETRIC-REALIZATION,NT-GEOMETRIC-REALIZATION,NO-POSITIVE-CERTIFICATE-YET,,0.0,0.11382113821138211,64.03124237432849,68.61767222987935,True,False
12,NT-GEOMETRIC-REALIZATION,NT-GEOMETRIC-REALIZATION,NO-POSITIVE-CERTIFICATE-YET,,0.0,0.2543859649122807,61.65601091339107,86.76361841801996,True,False
13,STRONG-GLOBAL-CURVILINEAR-STROKE-SUPPORT,STRONG-GLOBAL-CURVILINEAR-STROKE-SUPPORT,BSB-STROKE-SUPPORT,,1.0,1.0,0.0,0.3499999999999943,True,True
14,NT-GEOMETRIC-REALIZATION,SOURCE-LABELLED-HAX-INCIDENCE,EXACT-V50-HAX-FACTOR + PQ-ANCHORED-RHAX-CARRIER,HAX0,0.16666666666666666,0.2037037037037037,13.20820393249937,30.92047610196498,True,True
15,NT-GEOMETRIC-REALIZATION,NT-GEOMETRIC-REALIZATION,NO-POSITIVE-CERTIFICATE-YET,,0.08333333333333333,0.4791666666666667,21.83091257733066,48.987633637760034,True,False
16,NT-GEOMETRIC-REALIZATION,NT-GEOMETRIC-REALIZATION,NO-POSITIVE-CERTIFICATE-YET,,0.08928571428571429,0.25,22.23387333290554,49.4297101463912,True,False
17,NT-GEOMETRIC-REALIZATION,NT-GEOMETRIC-REALIZATION,NO-POSITIVE-CERTIFICATE-YET,,0.0,0.1951219512195122,66.80286906811217,96.71728448222801,True,False
18,NT-GEOMETRIC-REALIZATION,NT-GEOMETRIC-REALIZATION,NO-POSITIVE-CERTIFICATE-YET,,0.03676470588235294,0.0661764705882353,51.657025283393274,83.0947955999049,True,False
19,STRONG-GLOBAL-CURVILINEAR-STROKE-SUPPORT,STRONG-GLOBAL-CURVILINEAR-STROKE-SUPPORT,BSB-STROKE-SUPPORT,,1.0,1.0,0.0,0.0,True,True
20,NT-GEOMETRIC-REALIZATION,SOURCE-LABELLED-HAX-INCIDENCE,EXACT-V50-HAX-FACTOR + PQ-ANCHORED-RHAX-CARRIER,HAX0,0.0,0.0,52.952809179494906,57.19260081314115,True,True
21,NT-GEOMETRIC-REALIZATION,NT-GEOMETRIC-REALIZATION,NO-POSITIVE-CERTIFICATE-YET,,0.017964071856287425,0.0718562874251497,38.0,46.76938475568051,True,False
22,NT-GEOMETRIC-REALIZATION,NT-GEOMETRIC-REALIZATION,NO-POSITIVE-CERTIFICATE-YET,,0.0,0.26136363636363635,29.832566468689194,64.29965564108646,True,False
23,NT-GEOMETRIC-REALIZATION,NT-GEOMETRIC-REALIZATION,NO-POSITIVE-CERTIFICATE-YET,,0.0,0.047619047619047616,58.0,58.077534382926416,True,False
24,NT-GEOMETRIC-REALIZATION,NT-GEOMETRIC-REALIZATION,NO-POSITIVE-CERTIFICATE-YET,,0.21951219512195122,0.2682926829268293,9.848857801796104,21.0,True,False
25,NT-GEOMETRIC-REALIZATION,NT-GEOMETRIC-REALIZATION,NO-POSITIVE-CERTIFICATE-YET,,0.0,0.0,25.495097567963924,33.83016813248142,True,False
26,NT-GEOMETRIC-REALIZATION,NT-GEOMETRIC-REALIZATION,NO-POSITIVE-CERTIFICATE-YET,,0.0,0.20833333333333334,45.967379738244816,52.23680361571235,True,False
27,NT-GEOMETRIC-REALIZATION,NT-GEOMETRIC-REALIZATION,NO-POSITIVE-CERTIFICATE-YET,,0.0,0.45454545454545453,41.67129809170988,42.19239606117746,True,False
28,NT-GEOMETRIC-REALIZATION,NT-GEOMETRIC-REALIZATION,NO-POSITIVE-CERTIFICATE-YET,,0.05333333333333334,0.4266666666666667,41.400483088968905,67.0,True,False
29,NT-GEOMETRIC-REALIZATION,NT-GEOMETRIC-REALIZATION,NO-POSITIVE-CERTIFICATE-YET,,0.0,0.0,41.78516483155236,52.576346399058245,True,False
30,NT-GEOMETRIC-REALIZATION,NT-GEOMETRIC-REALIZATION,NO-POSITIVE-CERTIFICATE-YET,,0.0,0.0,47.932179996326404,57.515041233222775,True,False
31,NT-GEOMETRIC-REALIZATION,NT-GEOMETRIC-REALIZATION,NO-POSITIVE-CERTIFICATE-YET,,0.0,0.4339622641509434,74.67261881037788,98.14182519777677,True,False
32,NT-GEOMETRIC-REALIZATION,NT-GEOMETRIC-REALIZATION,NO-POSITIVE-CERTIFICATE-YET,,0.04878048780487805,0.04878048780487805,29.618988693604575,56.01420551415479,True,False
33,STRONG-GLOBAL-CURVILINEAR-STROKE-SUPPORT,STRONG-GLOBAL-CURVILINEAR-STROKE-SUPPORT,BSB-STROKE-SUPPORT,,1.0,1.0,0.0,0.0,False,False
34,NT-GEOMETRIC-REALIZATION,NT-GEOMETRIC-REALIZATION,NO-POSITIVE-CERTIFICATE-YET,,0.0,0.07017543859649122,34.36568055487916,46.02823908234038,True,False
35,NT-GEOMETRIC-REALIZATION,SOURCE-LABELLED-HAX-INCIDENCE,EXACT-V50-HAX-FACTOR + PQ-ANCHORED-RHAX-CARRIER,HAX0,0.02631578947368421,0.19298245614035087,14.560219778561036,20.143150253111997,True,True
36,NT-GEOMETRIC-REALIZATION,NT-GEOMETRIC-REALIZATION,NO-POSITIVE-CERTIFICATE-YET,,0.0,0.027777777777777776,57.3149195236284,58.00861812854691,True,False
37,NT-GEOMETRIC-REALIZATION,NT-GEOMETRIC-REALIZATION,NO-POSITIVE-CERTIFICATE-YET,,0.0,0.125,53.0,57.28870837138113,True,False
38,NT-GEOMETRIC-REALIZATION,NT-GEOMETRIC-REALIZATION,NO-POSITIVE-CERTIFICATE-YET,,0.0,0.1875,58.086119964591084,59.0,True,False
39,NT-GEOMETRIC-REALIZATION,NT-GEOMETRIC-REALIZATION,NO-POSITIVE-CERTIFICATE-YET,,0.040983606557377046,0.13934426229508196,38.7181014188142,91.45510783452046,True,False
40,NT-GEOMETRIC-REALIZATION,NT-GEOMETRIC-REALIZATION,NO-POSITIVE-CERTIFICATE-YET,,0.0,0.2857142857142857,72.53275122315436,120.26073940619021,True,False
41,STRONG-GLOBAL-CURVILINEAR-STROKE-SUPPORT,STRONG-GLOBAL-CURVILINEAR-STROKE-SUPPORT,BSB-STROKE-SUPPORT,,1.0,1.0,0.0,2.53224755112299,True,True
42,STRONG-GLOBAL-CURVILINEAR-STROKE-SUPPORT,STRONG-GLOBAL-CURVILINEAR-STROKE-SUPPORT,BSB-STROKE-SUPPORT,HAX0,1.0,1.0,0.0,1.3313708498984749,False,False
43,NT-GEOMETRIC-REALIZATION,SOURCE-LABELLED-HAX-INCIDENCE,EXACT-V50-HAX-FACTOR + PQ-ANCHORED-RHAX-CARRIER,HAX1,0.21739130434782608,0.21739130434782608,10.815072906367325,21.948801849940438,True,True
44,NT-GEOMETRIC-REALIZATION,NT-GEOMETRIC-REALIZATION,NO-POSITIVE-CERTIFICATE-YET,,0.17307692307692307,0.19230769230769232,12.863961030678928,36.87325394193526,True,False
45,NT-GEOMETRIC-REALIZATION,NT-GEOMETRIC-REALIZATION,NO-POSITIVE-CERTIFICATE-YET,,0.0,0.4090909090909091,26.25680487008826,40.49842422929906,True,False
46,NT-GEOMETRIC-REALIZATION,NT-GEOMETRIC-REALIZATION,NO-POSITIVE-CERTIFICATE-YET,,0.0,0.3181818181818182,41.01829041577144,48.72742526039852,True,False
47,NT-GEOMETRIC-REALIZATION,NT-GEOMETRIC-REALIZATION,NO-POSITIVE-CERTIFICATE-YET,,0.0,0.6086956521739131,21.93171219946131,30.27243138634199,True,False
48,NT-GEOMETRIC-REALIZATION,NT-GEOMETRIC-REALIZATION,NO-POSITIVE-CERTIFICATE-YET,,0.057971014492753624,0.463768115942029,32.28002478313795,53.50477725293421,True,False
49,NT-GEOMETRIC-REALIZATION,NT-GEOMETRIC-REALIZATION,NO-POSITIVE-CERTIFICATE-YET,,0.0,0.3,26.53987637537611,38.52080098578163,True,False
50,NT-GEOMETRIC-REALIZATION,NT-GEOMETRIC-REALIZATION,NO-POSITIVE-CERTIFICATE-YET,,0.02459016393442623,0.10655737704918032,67.71262162691534,99.46330981220963,True,False
51,NT-GEOMETRIC-REALIZATION,NT-GEOMETRIC-REALIZATION,NO-POSITIVE-CERTIFICATE-YET,,0.07692307692307693,0.10256410256410256,23.259406699226016,36.023534186398685,True,False
52,NT-GEOMETRIC-REALIZATION,NT-GEOMETRIC-REALIZATION,NO-POSITIVE-CERTIFICATE-YET,,0.0,0.16853932584269662,27.730849247724095,35.41745505881967,True,False
53,NT-GEOMETRIC-REALIZATION,NT-GEOMETRIC-REALIZATION,NO-POSITIVE-CERTIFICATE-YET,,0.015384615384615385,0.09743589743589744,14.0,18.0,True,False
54,NT-GEOMETRIC-REALIZATION,NT-GEOMETRIC-REALIZATION,NO-POSITIVE-CERTIFICATE-YET,,0.0,0.0975609756097561,19.0,20.994030650891055,True,False
55,NT-GEOMETRIC-REALIZATION,NT-GEOMETRIC-REALIZATION,NO-POSITIVE-CERTIFICATE-YET,,0.0,0.11764705882352941,33.5,46.349999999999994,True,False
56,NT-GEOMETRIC-REALIZATION,NT-GEOMETRIC-REALIZATION,NO-POSITIVE-CERTIFICATE-YET,,0.0,0.0,56.0,58.0,True,False
57,NT-GEOMETRIC-REALIZATION,NT-GEOMETRIC-REALIZATION,NO-POSITIVE-CERTIFICATE-YET,,0.0,0.058823529411764705,51.0489810386033,53.0,True,False
58,NT-GEOMETRIC-REALIZATION,NT-GEOMETRIC-REALIZATION,NO-POSITIVE-CERTIFICATE-YET,,0.0,0.140625,64.0,70.30181963025879,True,False
59,NT-GEOMETRIC-REALIZATION,NT-GEOMETRIC-REALIZATION,NO-POSITIVE-CERTIFICATE-YET,,0.0,0.14814814814814814,23.769728648009426,43.68065933568311,True,False
60,NT-GEOMETRIC-REALIZATION,NT-GEOMETRIC-REALIZATION,NO-POSITIVE-CERTIFICATE-YET,,0.08737864077669903,0.10679611650485436,25.0,53.05977910089157,True,False
61,STRONG-GLOBAL-CURVILINEAR-STROKE-SUPPORT,STRONG-GLOBAL-CURVILINEAR-STROKE-SUPPORT,BSB-STROKE-SUPPORT,,0.8333333333333334,1.0,1.8251407699364424,3.790569415042095,True,True
62,STRONG-GLOBAL-CURVILINEAR-STROKE-SUPPORT,STRONG-GLOBAL-CURVILINEAR-STROKE-SUPPORT,BSB-STROKE-SUPPORT,HAX1,1.0,1.0,0.0,1.0,True,True
63,NT-GEOMETRIC-REALIZATION,NT-GEOMETRIC-REALIZATION,NO-POSITIVE-CERTIFICATE-YET,,0.15254237288135594,0.288135593220339,15.556349186104045,30.111269837220803,True,False
64,NT-GEOMETRIC-REALIZATION,NT-GEOMETRIC-REALIZATION,NO-POSITIVE-CERTIFICATE-YET,,0.1896551724137931,0.1724137931034483,13.33604985493631,35.24295002708016,True,False
65,NT-GEOMETRIC-REALIZATION,NT-GEOMETRIC-REALIZATION,NO-POSITIVE-CERTIFICATE-YET,,0.07936507936507936,0.15873015873015872,27.202941017470888,44.249241627230624,True,False
66,NT-GEOMETRIC-REALIZATION,NT-GEOMETRIC-REALIZATION,NO-POSITIVE-CERTIFICATE-YET,,0.0,0.0,29.742446229250014,46.113728750660655,True,False
67,NT-GEOMETRIC-REALIZATION,NT-GEOMETRIC-REALIZATION,NO-POSITIVE-CERTIFICATE-YET,,0.0,0.1,63.627789042729766,78.36477134314204,True,False
68,PARTIAL-GLOBAL-CURVILINEAR-STROKE-SUPPORT,PARTIAL-GLOBAL-CURVILINEAR-STROKE-SUPPORT,BSB-STROKE-SUPPORT,,0.5238095238095238,0.5238095238095238,3.1622776601683795,11.313708498984761,True,True
69,NT-GEOMETRIC-REALIZATION,NT-GEOMETRIC-REALIZATION,NO-POSITIVE-CERTIFICATE-YET,,0.22580645161290322,0.3870967741935484,15.620499351813308,37.58327863366242,True,False
70,NT-GEOMETRIC-REALIZATION,NT-GEOMETRIC-REALIZATION,NO-POSITIVE-CERTIFICATE-YET,,0.17073170731707318,0.2682926829268293,8.246211251235321,11.0,True,False
71,NT-GEOMETRIC-REALIZATION,SOURCE-LABELLED-HAX-INCIDENCE,EXACT-V50-HAX-FACTOR + PQ-ANCHORED-RHAX-CARRIER,HAX4,0.24324324324324326,0.43243243243243246,7.0,14.0,True,True
72,STRONG-GLOBAL-CURVILINEAR-STROKE-SUPPORT,STRONG-GLOBAL-CURVILINEAR-STROKE-SUPPORT,BSB-STROKE-SUPPORT,,1.0,1.0,0.0,1.0,True,True
73,STRONG-GLOBAL-CURVILINEAR-STROKE-SUPPORT,STRONG-GLOBAL-CURVILINEAR-STROKE-SUPPORT,BSB-STROKE-SUPPORT,HAX5,1.0,1.0,1.0,1.989511652961781,False,False
74,NT-GEOMETRIC-REALIZATION,SOURCE-LABELLED-HAX-INCIDENCE,EXACT-V50-HAX-FACTOR + PQ-ANCHORED-RHAX-CARRIER,HAX0,0.25,0.4166666666666667,9.0,17.9,True,True
75,STRONG-GLOBAL-CURVILINEAR-STROKE-SUPPORT,STRONG-GLOBAL-CURVILINEAR-STROKE-SUPPORT,BSB-STROKE-SUPPORT,,0.9949238578680203,1.0,0.0,1.0,True,True
76,NT-GEOMETRIC-REALIZATION,NT-GEOMETRIC-REALIZATION,NO-POSITIVE-CERTIFICATE-YET,,0.018518518518518517,0.1574074074074074,57.105155401083856,67.1429138946377,True,False
77,NT-GEOMETRIC-REALIZATION,NT-GEOMETRIC-REALIZATION,NO-POSITIVE-CERTIFICATE-YET,,0.03636363636363636,0.05454545454545454,30.59411708155671,45.96566289630805,True,False
78,NT-GEOMETRIC-REALIZATION,NT-GEOMETRIC-REALIZATION,NO-POSITIVE-CERTIFICATE-YET,,0.0,0.17,20.0,21.213203435596427,True,False
79,NT-GEOMETRIC-REALIZATION,NT-GEOMETRIC-REALIZATION,NO-POSITIVE-CERTIFICATE-YET,,0.08695652173913043,0.13043478260869565,22.360679774997898,43.1270879408373,True,False
80,PARTIAL-GLOBAL-CURVILINEAR-STROKE-SUPPORT,PARTIAL-GLOBAL-CURVILINEAR-STROKE-SUPPORT,BSB-STROKE-SUPPORT,,0.6666666666666666,1.0,2.0,3.8,True,True
81,STRONG-GLOBAL-CURVILINEAR-STROKE-SUPPORT,STRONG-GLOBAL-CURVILINEAR-STROKE-SUPPORT,BSB-STROKE-SUPPORT,HAX4,1.0,1.0,0.0,0.8999999999999999,True,True
82,PARTIAL-GLOBAL-CURVILINEAR-STROKE-SUPPORT,PARTIAL-GLOBAL-CURVILINEAR-STROKE-SUPPORT,BSB-STROKE-SUPPORT,,0.6666666666666666,1.0,2.23606797749979,3.823606797749979,True,True
83,STRONG-GLOBAL-CURVILINEAR-STROKE-SUPPORT,STRONG-GLOBAL-CURVILINEAR-STROKE-SUPPORT,BSB-STROKE-SUPPORT,HAX1,1.0,1.0,0.0,1.0,False,False
84,NT-GEOMETRIC-REALIZATION,NT-GEOMETRIC-REALIZATION,NO-POSITIVE-CERTIFICATE-YET,,0.0684931506849315,0.1506849315068493,27.018512172212592,54.65368741333674,True,False
85,PARTIAL-GLOBAL-CURVILINEAR-STROKE-SUPPORT,PARTIAL-GLOBAL-CURVILINEAR-STROKE-SUPPORT,BSB-STROKE-SUPPORT,,0.4166666666666667,0.5,4.302775637731995,11.265297757460589,True,True
86,NT-GEOMETRIC-REALIZATION,NT-GEOMETRIC-REALIZATION,NO-POSITIVE-CERTIFICATE-YET,,0.19718309859154928,0.16901408450704225,12.165525060596439,27.971452309670283,True,False
87,PARTIAL-GLOBAL-CURVILINEAR-STROKE-SUPPORT,PARTIAL-GLOBAL-CURVILINEAR-STROKE-SUPPORT,BSB-STROKE-SUPPORT,,0.43209876543209874,0.5185185185185185,5.656854249492381,13.892443989449804,True,True
88,NT-GEOMETRIC-REALIZATION,NT-GEOMETRIC-REALIZATION,NO-POSITIVE-CERTIFICATE-YET,,0.0,0.0,8.246211251235321,11.0,True,False
89,STRONG-GLOBAL-CURVILINEAR-STROKE-SUPPORT,STRONG-GLOBAL-CURVILINEAR-STROKE-SUPPORT,BSB-STROKE-SUPPORT,,0.9090909090909091,0.8181818181818182,2.23606797749979,3.3839144678161843,True,True
90,PARTIAL-GLOBAL-CURVILINEAR-STROKE-SUPPORT,PARTIAL-GLOBAL-CURVILINEAR-STROKE-SUPPORT,BSB-STROKE-SUPPORT,,0.4,0.55,4.061552812808831,10.052268050859364,True,True
91,STRONG-GLOBAL-CURVILINEAR-STROKE-SUPPORT,STRONG-GLOBAL-CURVILINEAR-STROKE-SUPPORT,BSB-STROKE-SUPPORT,,0.9032258064516129,1.0,1.0,4.302775637731995,True,True
92,STRONG-GLOBAL-CURVILINEAR-STROKE-SUPPORT,STRONG-GLOBAL-CURVILINEAR-STROKE-SUPPORT,BSB-STROKE-SUPPORT,HAX3,1.0,1.0,0.0,1.0,True,True
93,STRONG-GLOBAL-CURVILINEAR-STROKE-SUPPORT,STRONG-GLOBAL-CURVILINEAR-STROKE-SUPPORT,BSB-STROKE-SUPPORT,,1.0,1.0,0.0,1.0,True,True
94,NT-GEOMETRIC-REALIZATION,NT-GEOMETRIC-REALIZATION,NO-POSITIVE-CERTIFICATE-YET,,0.3333333333333333,0.48484848484848486,5.830951894845301,12.449827584156742,True,False
95,NT-GEOMETRIC-REALIZATION,NT-GEOMETRIC-REALIZATION,NO-POSITIVE-CERTIFICATE-YET,,0.01282051282051282,0.11538461538461539,22.78051417267848,25.179356624028344,True,False
96,NT-GEOMETRIC-REALIZATION,NT-GEOMETRIC-REALIZATION,NO-POSITIVE-CERTIFICATE-YET,,0.1346153846153846,0.22435897435897437,12.407317850634978,21.195515934211926,True,False
97,NT-GEOMETRIC-REALIZATION,NT-GEOMETRIC-REALIZATION,NO-POSITIVE-CERTIFICATE-YET,,0.03571428571428571,0.05357142857142857,21.482295735677425,22.471386956744112,True,False
98,NT-GEOMETRIC-REALIZATION,NT-GEOMETRIC-REALIZATION,NO-POSITIVE-CERTIFICATE-YET,,0.1267605633802817,0.6056338028169014,23.08679276123039,46.84600150226383,True,False
99,NT-GEOMETRIC-REALIZATION,NT-GEOMETRIC-REALIZATION,NO-POSITIVE-CERTIFICATE-YET,,0.16326530612244897,0.24489795918367346,12.529964086141668,25.143315356948754,True,False
100,STRONG-GLOBAL-CURVILINEAR-STROKE-SUPPORT,STRONG-GLOBAL-CURVILINEAR-STROKE-SUPPORT,BSB-STROKE-SUPPORT,,1.0,0.9787234042553191,1.0,2.23606797749979,True,True
101,PARTIAL-GLOBAL-CURVILINEAR-STROKE-SUPPORT,PARTIAL-GLOBAL-CURVILINEAR-STROKE-SUPPORT,BSB-STROKE-SUPPORT,HAX3,0.7058823529411765,0.8823529411764706,1.4142135623730951,5.86476151587624,True,True
102,STRONG-GLOBAL-CURVILINEAR-STROKE-SUPPORT,STRONG-GLOBAL-CURVILINEAR-STROKE-SUPPORT,BSB-STROKE-SUPPORT,,1.0,1.0,0.0,1.1242640687119274,True,True
103,PARTIAL-GLOBAL-CURVILINEAR-STROKE-SUPPORT,PARTIAL-GLOBAL-CURVILINEAR-STROKE-SUPPORT,BSB-STROKE-SUPPORT,,0.42857142857142855,0.5,5.15154392492244,10.36587635601554,True,True
104,NT-GEOMETRIC-REALIZATION,NT-GEOMETRIC-REALIZATION,NO-POSITIVE-CERTIFICATE-YET,,0.23684210526315788,0.3157894736842105,6.854101966249685,12.125986609083332,True,False
105,STRONG-GLOBAL-CURVILINEAR-STROKE-SUPPORT,STRONG-GLOBAL-CURVILINEAR-STROKE-SUPPORT,BSB-STROKE-SUPPORT,,1.0,1.0,0.0,0.6499999999999995,False,False
106,STRONG-GLOBAL-CURVILINEAR-STROKE-SUPPORT,STRONG-GLOBAL-CURVILINEAR-STROKE-SUPPORT,BSB-STROKE-SUPPORT,HAX4,0.8846153846153846,1.0,1.0,4.255489785115682,False,False
107,STRONG-GLOBAL-CURVILINEAR-STROKE-SUPPORT,STRONG-GLOBAL-CURVILINEAR-STROKE-SUPPORT,BSB-STROKE-SUPPORT,HAX3,0.9375,1.0,0.0,2.5784388019908397,False,False
108,STRONG-GLOBAL-CURVILINEAR-STROKE-SUPPORT,STRONG-GLOBAL-CURVILINEAR-STROKE-SUPPORT,BSB-STROKE-SUPPORT,HAX5,1.0,1.0,1.0,1.90732621144911,True,True
109,STRONG-GLOBAL-CURVILINEAR-STROKE-SUPPORT,STRONG-GLOBAL-CURVILINEAR-STROKE-SUPPORT,BSB-STROKE-SUPPORT,HAX2,1.0,1.0,0.0,0.0,True,True
110,PARTIAL-GLOBAL-CURVILINEAR-STROKE-SUPPORT,PARTIAL-GLOBAL-CURVILINEAR-STROKE-SUPPORT,BSB-STROKE-SUPPORT,,0.65625,0.9375,2.118033988749895,6.0372431386341985,False,False
111,STRONG-GLOBAL-CURVILINEAR-STROKE-SUPPORT,STRONG-GLOBAL-CURVILINEAR-STROKE-SUPPORT,BSB-STROKE-SUPPORT,HAX1,1.0,1.0,0.0,1.4142135623730951,False,False
112,STRONG-GLOBAL-CURVILINEAR-STROKE-SUPPORT,STRONG-GLOBAL-CURVILINEAR-STROKE-SUPPORT,BSB-STROKE-SUPPORT,HAX2,1.0,1.0,1.0,1.0,False,False
113,NT-GEOMETRIC-REALIZATION,NT-GEOMETRIC-REALIZATION,NO-POSITIVE-CERTIFICATE-YET,,0.25,0.5,4.5,5.85,True,False
114,STRONG-GLOBAL-CURVILINEAR-STROKE-SUPPORT,STRONG-GLOBAL-CURVILINEAR-STROKE-SUPPORT,BSB-STROKE-SUPPORT,,1.0,1.0,0.5,2.4433936790360296,False,False
115,STRONG-GLOBAL-CURVILINEAR-STROKE-SUPPORT,STRONG-GLOBAL-CURVILINEAR-STROKE-SUPPORT,BSB-STROKE-SUPPORT,,0.8787878787878788,1.0,0.0,5.385164807134504,False,False
116,PARTIAL-GLOBAL-CURVILINEAR-STROKE-SUPPORT,PARTIAL-GLOBAL-CURVILINEAR-STROKE-SUPPORT,BSB-STROKE-SUPPORT,HAX2,0.7142857142857143,1.0,0.0,6.301667021068622,False,False
117,STRONG-GLOBAL-CURVILINEAR-STROKE-SUPPORT,STRONG-GLOBAL-CURVILINEAR-STROKE-SUPPORT,BSB-STROKE-SUPPORT,HAX3,1.0,1.0,1.0,2.0,False,False
118,STRONG-GLOBAL-CURVILINEAR-STROKE-SUPPORT,STRONG-GLOBAL-CURVILINEAR-STROKE-SUPPORT,BSB-STROKE-SUPPORT,HAX4,1.0,1.0,0.0,0.0,True,True
119,STRONG-GLOBAL-CURVILINEAR-STROKE-SUPPORT,STRONG-GLOBAL-CURVILINEAR-STROKE-SUPPORT,BSB-STROKE-SUPPORT,HAX4,1.0,1.0,0.0,0.0,True,True
120,STRONG-GLOBAL-CURVILINEAR-STROKE-SUPPORT,STRONG-GLOBAL-CURVILINEAR-STROKE-SUPPORT,BSB-STROKE-SUPPORT,HAX4,1.0,1.0,1.0,1.0,True,True
121,STRONG-GLOBAL-CURVILINEAR-STROKE-SUPPORT,STRONG-GLOBAL-CURVILINEAR-STROKE-SUPPORT,BSB-STROKE-SUPPORT,HAX3,1.0,1.0,0.0,0.0,True,True
122,STRONG-GLOBAL-CURVILINEAR-STROKE-SUPPORT,STRONG-GLOBAL-CURVILINEAR-STROKE-SUPPORT,BSB-STROKE-SUPPORT,HAX4,1.0,1.0,0.0,0.282842712474618,False,False
